gene,baseMean,log2FoldChange,lfcSE,stat,pvalue,padj
Os01g0106400,1505.329617,3.101885305,0.36513521,8.495168971,1.98E-17,1.25E-15
Os01g0110050,19.43302031,-2.050249514,0.537455525,-3.814733344,0.00013633,0.00090899
Os01g0110100,156.803114,-2.329589394,0.288274999,-8.081135731,6.42E-16,3.44E-14
Os01g0113500,50.89356661,4.106342236,0.473408545,8.673992647,4.17E-18,2.85E-16
Os01g0114100,810.6325914,2.203665159,0.263529524,8.362118689,6.16E-17,3.67E-15
Os01g0119000,142.0710115,2.358802716,0.292195519,8.07268614,6.88E-16,3.65E-14
Os01g0121500,200.3739416,2.020999856,0.296913158,6.806703587,9.99E-12,2.97E-10
Os01g0121600,643.6746938,2.246903806,0.222959678,10.077624,6.94E-24,8.23E-22
Os01g0124550,11.91319604,-6.206022191,1.30681185,-4.748979121,2.04E-06,2.21E-05
Os01g0126100,352.6055603,3.392530028,0.311447773,10.89277345,1.25E-27,2.06E-25
Os01g0134700,1905.462898,2.06994832,0.194486924,10.64312332,1.88E-26,2.75E-24
Os01g0135600,98.33408984,-2.75695953,0.440166597,-6.263445586,3.77E-10,8.58E-09
Os01g0150500,8.054736336,4.978857245,1.262255463,3.944413306,8.00E-05,0.000572661
Os01g0151700,16.27120588,2.017320865,0.607056394,3.323119379,0.000890168,0.004509252
Os01g0155000,5650.077713,3.176342256,0.241747723,13.13907829,1.97E-39,8.83E-37
Os01g0163450,7.780458613,4.914665774,1.208145134,4.067943195,4.74E-05,0.000364819
Os01g0164075,9.606455012,3.931614663,1.060329957,3.707916237,0.000208972,0.001316913
Os01g0164300,79.05880464,3.734969001,0.319704889,11.68255203,1.57E-31,3.57E-29
Os01g0172600,369.0305633,-2.094231621,0.230035862,-9.103935391,8.71E-20,7.00E-18
Os01g0173600,1049.638588,-2.750337425,0.435675192,-6.312816229,2.74E-10,6.34E-09
Os01g0175850,124.2897396,2.145777619,0.407178487,5.269869818,1.37E-07,1.91E-06
Os01g0183850,109.924852,3.305007978,0.37511743,8.810595589,1.24E-18,8.98E-17
Os01g0183950,54.28018556,2.590879371,0.507412775,5.106058614,3.29E-07,4.26E-06
Os01g0192500,99.81663411,-2.142159981,0.411217288,-5.20931402,1.90E-07,2.58E-06
Os01g0195300,51.40662091,2.489957828,0.369597762,6.736939671,1.62E-11,4.65E-10
Os01g0200200,15.41315597,-2.551259117,0.681338978,-3.744478447,0.000180769,0.001159142
Os01g0200600,13.69062878,2.294117881,0.656292778,3.495570815,0.000473049,0.002653872
Os01g0214500,323.478587,2.931337054,0.331626893,8.839262178,9.64E-19,7.00E-17
Os01g0216000,137.8559997,-6.218551425,0.806846373,-7.707231062,1.29E-14,5.85E-13
Os01g0221900,33.57259704,-2.209022857,0.424209264,-5.207389476,1.92E-07,2.61E-06
Os01g0222900,15.05445271,2.50859801,0.599191498,4.186638195,2.83E-05,0.000231268
Os01g0228400,203.0455055,-3.043972824,0.959842519,-3.171325259,0.001517451,0.007094043
Os01g0229800,8.2477253,-5.770724731,1.541299981,-3.744063324,0.000181068,0.001160307
Os01g0237100,39.61610823,-2.282314353,0.708273537,-3.222362878,0.00127138,0.006119303
Os01g0237500,452.0116637,-3.762671849,0.385179535,-9.768618289,1.54E-22,1.65E-20
Os01g0237750,318.1710695,-3.72863691,0.379568443,-9.823358545,8.93E-23,9.95E-21
Os01g0241400,23.40307189,4.238693815,0.810100936,5.232303319,1.67E-07,2.31E-06
Os01g0242800,18.67923202,-2.423171286,0.484028268,-5.006259855,5.55E-07,6.82E-06
Os01g0247700,2154.435807,-2.041357859,0.232003321,-8.798830328,1.38E-18,9.95E-17
Os01g0248701,27.97601352,-2.47522517,0.681799118,-3.630431758,0.000282948,0.001707071
Os01g0256500,133249.3573,-2.294724217,0.239293293,-9.589588534,8.84E-22,8.60E-20
Os01g0259966,13.75239979,-3.075006923,0.899512425,-3.418526347,0.000629612,0.0033843
Os01g0266500,1224.642734,2.595000811,0.22327911,11.62222838,3.18E-31,7.03E-29
Os01g0267300,1087.354242,2.667908142,0.251536064,10.60646373,2.78E-26,4.04E-24
Os01g0280500,169.8829365,2.262491349,0.539980238,4.189952129,2.79E-05,0.000228293
Os01g0284900,107.8393111,2.331181173,0.394991543,5.901850846,3.59E-09,6.88E-08
Os01g0288200,100.6071013,2.092814226,0.272876225,7.669463412,1.73E-14,7.72E-13
Os01g0288800,15.42336584,2.634347773,0.831729375,3.167313613,0.001538543,0.007174543
Os01g0289100,30.10340703,2.026474235,0.65260893,3.105189251,0.001901573,0.008553905
Os01g0302250,63.76249878,-2.314362721,0.499134083,-4.636755534,3.54E-06,3.60E-05
Os01g0307500,975.6297709,-3.492549332,0.267254004,-13.06827693,5.00E-39,2.00E-36
Os01g0307686,907.1049828,2.905104564,0.166073116,17.49292501,1.62E-68,2.83E-65
Os01g0308200,30.16858893,-2.7908203,0.49358143,-5.654224678,1.57E-08,2.66E-07
Os01g0309800,364.8151458,-2.295902961,0.321972131,-7.130750581,9.98E-13,3.51E-11
Os01g0310700,14.21469162,4.881273597,0.922661735,5.290425959,1.22E-07,1.73E-06
Os01g0315600,21.10135367,2.053741863,0.55688826,3.687888598,0.000226123,0.001409358
Os01g0322700,61.84798783,3.773746263,0.711056036,5.307241724,1.11E-07,1.60E-06
Os01g0330100,49.99693545,2.164599114,0.480275951,4.506990429,6.58E-06,6.26E-05
Os01g0337500,1182.697031,2.074971081,0.137519536,15.08855501,1.93E-51,1.84E-48
Os01g0339500,64.11421861,-2.227193305,0.338579372,-6.578053733,4.77E-11,1.27E-09
Os01g0342900,89.16222483,4.658000665,0.589303724,7.904244408,2.70E-15,1.32E-13
Os01g0353400,20.8625501,3.302838898,0.897945093,3.678219217,0.000234868,0.001456748
Os01g0355250,613.7631399,-3.589289886,0.303468773,-11.82754275,2.81E-32,6.83E-30
Os01g0369700,4688.164362,3.188118904,0.256055294,12.45090018,1.38E-35,4.06E-33
Os01g0370750,40.19767197,3.163343239,0.65356112,4.840164359,1.30E-06,1.46E-05
Os01g0371200,35.77166629,2.148272029,0.631775344,3.400373325,0.000672939,0.003576301
Os01g0372400,5.731669444,5.907152745,1.418184732,4.165291455,3.11E-05,0.000250477
Os01g0373700,498.1132109,2.411471068,0.3339875,7.220243482,5.19E-13,1.89E-11
Os01g0373800,337.5249925,2.762869949,0.261510068,10.5650615,4.33E-26,6.05E-24
Os01g0501800,3307.868415,-4.052481793,1.132945293,-3.576943933,0.000347635,0.00203702
Os01g0508100,348.0282304,2.076974551,0.293999667,7.06454728,1.61E-12,5.47E-11
Os01g0511100,324.4405072,2.386450963,0.268045933,8.903141853,5.43E-19,4.05E-17
Os01g0557100,1211.405368,4.294070101,0.173823368,24.70364107,9.77E-135,9.66E-131
Os01g0558100,166.9547211,3.304034741,0.460443257,7.175769627,7.19E-13,2.58E-11
Os01g0558700,145.7152995,2.811918186,0.254839595,11.03407102,2.62E-28,4.59E-26
Os01g0562400,70.92446822,2.066297462,0.290596906,7.11052808,1.16E-12,4.01E-11
Os01g0580500,78.8677472,2.499264728,0.397752929,6.283460273,3.31E-10,7.60E-09
Os01g0585200,568.1320178,4.295478108,0.240606676,17.85269711,2.75E-71,5.10E-68
Os01g0597600,18.50954034,-3.137747942,0.74828695,-4.193241569,2.75E-05,0.000225131
Os01g0597800,1615.283422,4.233606605,0.300502991,14.08840089,4.48E-45,3.16E-42
Os01g0608200,92.57821565,-3.653150489,0.433860897,-8.420096202,3.76E-17,2.32E-15
Os01g0608300,120.1821083,-3.957885681,0.528665524,-7.486559089,7.07E-14,2.89E-12
Os01g0615100,1267.630094,2.293694025,0.285570872,8.031960725,9.59E-16,4.96E-14
Os01g0623200,850.9435255,-2.071483719,0.286729425,-7.224524376,5.03E-13,1.84E-11
Os01g0627400,1001.851772,2.830871656,0.169452876,16.70595225,1.19E-62,1.60E-59
Os01g0627500,1283.508801,2.408609812,0.27230852,8.845150389,9.14E-19,6.72E-17
Os01g0627550,19.85111125,2.922985325,0.743291152,3.932490409,8.41E-05,0.000598363
Os01g0627600,2951.618256,3.051858573,0.231855942,13.16273606,1.44E-39,6.56E-37
Os01g0627900,1014.703518,2.306540063,0.363344671,6.348077316,2.18E-10,5.14E-09
Os01g0627967,3901.647683,3.192115004,0.420281739,7.595178926,3.07E-14,1.33E-12
Os01g0628000,191.9975639,3.020538634,0.494674062,6.106118885,1.02E-09,2.15E-08
Os01g0629600,696.535253,2.408621249,0.301182246,7.997221878,1.27E-15,6.50E-14
Os01g0634600,10.27624945,2.823787399,0.895407377,3.153634278,0.00161251,0.007467779
Os01g0638000,1499.849912,5.382269205,0.29146408,18.46632079,3.85E-76,9.91E-73
Os01g0638800,11.52970877,-3.386484154,0.765890752,-4.421628208,9.80E-06,8.97E-05
Os01g0644500,668.1364467,-2.145152701,0.375404814,-5.714238662,1.10E-08,1.93E-07
Os01g0647200,289.5681147,3.146443867,0.586646516,5.363440817,8.17E-08,1.19E-06
Os01g0653300,95.23258965,4.717017311,0.490170331,9.623220778,6.38E-22,6.37E-20
Os01g0656300,3.033166769,-5.114036412,1.626607248,-3.143989687,0.001666613,0.007676364
Os01g0660200,8251.397387,2.540851347,0.165920046,15.31370928,6.19E-53,6.56E-50
Os01g0667200,2936.515671,2.234240033,0.132217841,16.89817358,4.64E-64,6.55E-61
Os01g0674400,150.7216167,2.248882809,0.317556606,7.081832869,1.42E-12,4.86E-11
Os01g0674450,104.846091,3.092133664,0.392217223,7.883727387,3.18E-15,1.54E-13
Os01g0676800,4.472575901,5.238636852,1.572438099,3.331537729,0.000863676,0.004398352
Os01g0681600,5726.90331,-2.153253953,0.356439685,-6.041005093,1.53E-09,3.15E-08
Os01g0681700,308.3375427,-2.812635271,0.344905376,-8.154802631,3.50E-16,1.92E-14
Os01g0686500,13.7688233,2.491989087,0.759653148,3.280430146,0.001036489,0.005134727
Os01g0692000,419.9870019,2.875897643,0.265296859,10.84030037,2.22E-27,3.53E-25
Os01g0692050,96.3168255,3.84938814,0.413938786,9.299414005,1.41E-20,1.22E-18
Os01g0692100,709.7107484,3.42033346,0.311635291,10.97543685,5.02E-28,8.55E-26
Os01g0694500,30.3833183,3.992960636,0.714207771,5.590754954,2.26E-08,3.72E-07
Os01g0695800,339.6137076,2.544195579,0.434408921,5.856683546,4.72E-09,8.83E-08
Os01g0697100,2185.391881,4.223428189,0.334417812,12.6291963,1.46E-36,4.60E-34
Os01g0706600,182.1223302,3.147504609,0.249155618,12.63268567,1.39E-36,4.44E-34
Os01g0712800,13.82616731,-2.442850338,0.67775944,-3.604302933,0.000312992,0.00186237
Os01g0715500,58.64015105,2.47427596,0.451815861,5.476292835,4.34E-08,6.71E-07
Os01g0716450,60.31624321,2.227944226,0.36413514,6.11845433,9.45E-10,2.01E-08
Os01g0716500,1880.673842,2.323382776,0.254564801,9.126881494,7.05E-20,5.74E-18
Os01g0716550,35.11005196,2.91879024,0.590841463,4.940056548,7.81E-07,9.27E-06
Os01g0727500,216.0426765,2.12685576,0.256582595,8.28916614,1.14E-16,6.64E-15
Os01g0727700,297.2737593,2.280539959,0.277081183,8.230584027,1.86E-16,1.07E-14
Os01g0731201,33.42118201,-2.851118763,0.415283886,-6.86546928,6.63E-12,2.05E-10
Os01g0734000,302.573144,2.441557017,0.368557773,6.624624938,3.48E-11,9.53E-10
Os01g0734800,4635.809732,2.844590868,0.263353402,10.80142061,3.39E-27,5.34E-25
Os01g0735500,243.4011054,-2.127311924,0.447183844,-4.757130551,1.96E-06,2.13E-05
Os01g0736100,44.59357627,2.885277156,0.514734697,5.605367532,2.08E-08,3.46E-07
Os01g0753150,119.737855,3.11186254,0.281477202,11.05546922,2.06E-28,3.66E-26
Os01g0753300,212.683766,2.127625947,0.336197682,6.328496775,2.48E-10,5.79E-09
Os01g0760000,420.7820886,2.128017843,0.168848497,12.60311982,2.03E-36,6.33E-34
Os01g0762300,201.5532439,-3.310902561,0.931494578,-3.554398103,0.000378845,0.002196028
Os01g0765600,4277.876251,-2.560152805,0.201977321,-12.67544688,8.09E-37,2.77E-34
Os01g0772500,833.7471001,4.360444296,0.336154928,12.97153167,1.77E-38,6.83E-36
Os01g0773400,43.33517622,2.055215885,0.506004951,4.061651729,4.87E-05,0.000373425
Os01g0773700,1017.468876,-3.907360405,1.270823542,-3.074667941,0.00210737,0.009325405
Os01g0786800,73.17463097,-2.607264111,0.498055964,-5.23488182,1.65E-07,2.28E-06
Os01g0795100,19.24082871,-2.605301596,0.670655071,-3.88471169,0.000102451,0.000708602
Os01g0795700,14.1480343,2.897825476,0.677326661,4.27832779,1.88E-05,0.000160701
Os01g0795900,11.63171374,3.687818617,1.002455964,3.678783658,0.000234349,0.001454681
Os01g0806101,6.239061692,4.426667148,1.391232382,3.181831595,0.001463469,0.006882924
Os01g0814100,3.928266006,5.899926433,1.753545581,3.36456976,0.000766631,0.003988419
Os01g0821600,117.2205467,3.659550082,0.336317274,10.8812433,1.42E-27,2.32E-25
Os01g0822800,429.1759962,-2.200131134,0.225704966,-9.747818903,1.88E-22,2.00E-20
Os01g0825500,62.21633243,-2.500561915,0.38910745,-6.426404618,1.31E-10,3.20E-09
Os01g0832600,215.0459113,2.162895336,0.420412998,5.144691873,2.68E-07,3.55E-06
Os01g0836600,1436.555884,2.323602931,0.254612336,9.126042241,7.10E-20,5.75E-18
Os01g0840100,1382.658964,2.497390578,0.32707518,7.635524584,2.25E-14,9.95E-13
Os01g0847700,480.4050466,2.532113351,0.263497369,9.609634273,7.28E-22,7.17E-20
Os01g0848200,113.8862811,2.069070891,0.366006862,5.653093171,1.58E-08,2.67E-07
Os01g0848900,31.57247119,3.143932508,0.668486854,4.703058095,2.56E-06,2.70E-05
Os01g0850900,2467.183312,2.276122768,0.665820404,3.418523607,0.000629619,0.0033843
Os01g0857200,48.97837666,-2.771790936,0.633111509,-4.378045407,1.20E-05,0.00010744
Os01g0859200,342.4889154,-2.003083233,0.405719017,-4.937119411,7.93E-07,9.39E-06
Os01g0860601,1370.751475,-2.242916349,0.448206981,-5.004197714,5.61E-07,6.88E-06
Os01g0863300,221.4133396,2.087869738,0.168463891,12.39357423,2.83E-35,8.23E-33
Os01g0864500,346.7495904,2.084839721,0.190371808,10.95141002,6.54E-28,1.10E-25
Os01g0869400,33.82433148,7.903504824,1.251007693,6.317710809,2.65E-10,6.15E-09
Os01g0869450,60.72823431,6.469383693,0.730340178,8.85804162,8.14E-19,6.00E-17
Os01g0870350,9.666854833,-3.683458972,1.100812865,-3.346126385,0.00081949,0.00421022
Os01g0871733,4.075402708,-5.198008519,1.520592176,-3.41841067,0.00062988,0.003385091
Os01g0879300,10.78313157,2.161465077,0.615156326,3.513684221,0.000441938,0.002500631
Os01g0881800,592.2899604,-2.820944038,0.34210688,-8.245797457,1.64E-16,9.46E-15
Os01g0891700,22.45911635,-3.135367063,0.664244343,-4.72020138,2.36E-06,2.50E-05
Os01g0893700,204.4043049,4.447432884,0.526475203,8.44756384,2.97E-17,1.86E-15
Os01g0896500,212.2921456,-3.603554807,1.148418034,-3.137842406,0.001701964,0.007812482
Os01g0899100,9.908686359,5.328023147,1.290158103,4.129744359,3.63E-05,0.000287623
Os01g0899200,209.7997172,-2.249556651,0.301649068,-7.45752892,8.82E-14,3.54E-12
Os01g0903100,65.8953155,3.669056285,0.446726671,8.213201776,2.15E-16,1.22E-14
Os01g0919100,15.40686797,4.810946641,0.923757523,5.208018902,1.91E-07,2.60E-06
Os01g0930800,109.801935,-3.456474685,1.089330997,-3.173025182,0.001508594,0.007058203
Os01g0933300,63.71210616,-2.070727844,0.404290126,-5.121885775,3.02E-07,3.95E-06
Os01g0934800,4118.666511,3.408598915,0.697072243,4.889878986,1.01E-06,1.17E-05
Os01g0939600,286.6009715,2.073193715,0.280552663,7.389677541,1.47E-13,5.74E-12
Os01g0944500,3.667409089,-5.785075144,1.668279054,-3.467690331,0.000524952,0.002907094
Os01g0944900,26.53315487,2.358620585,0.66712608,3.535494496,0.000407013,0.002334201
Os01g0949900,3233.924491,2.243058236,0.209025296,10.73103724,7.28E-27,1.10E-24
Os01g0954000,451.4457214,3.945620927,0.449701477,8.773866944,1.73E-18,1.24E-16
Os01g0955100,736.920508,2.763939056,0.207773624,13.30264644,2.23E-40,1.09E-37
Os01g0959100,181.9852168,3.989220805,0.333722876,11.953693,6.21E-33,1.59E-30
Os01g0959200,163.5314855,2.687668883,0.354697994,7.577344463,3.53E-14,1.50E-12
Os01g0968100,15.68733416,3.313131482,0.671169119,4.936358646,7.96E-07,9.42E-06
Os01g0968200,4.979136276,5.246360428,1.493854834,3.511961343,0.000444813,0.00251261
Os01g0968300,40.2340498,3.265482891,0.428203531,7.626006458,2.42E-14,1.06E-12
Os01g0968350,81.68739859,3.10011078,0.414656057,7.476342683,7.64E-14,3.11E-12
Os01g0973000,170.5416061,2.126848201,0.203720744,10.44001784,1.63E-25,2.18E-23
Os01g0975300,30535.33476,-2.024719828,0.308142821,-6.570718804,5.01E-11,1.32E-09
Os02g0106100,1435.272796,2.117942633,0.399810425,5.297367201,1.17E-07,1.67E-06
Os02g0106201,13.05264414,7.109151084,1.665196764,4.269255885,1.96E-05,0.000166208
Os02g0117700,20.77502172,2.198797309,0.593685801,3.70363803,0.000212529,0.001335556
Os02g0121700,25.88446365,6.213290021,0.939147875,6.6158804,3.69E-11,1.01E-09
Os02g0129300,17.26680094,-3.022793012,0.983802954,-3.072559397,0.002122316,0.009373351
Os02g0129800,1219.77353,2.877621551,0.289477354,9.940748419,2.77E-23,3.15E-21
Os02g0139500,126.8692111,-2.183925995,0.4753828,-4.594036623,4.35E-06,4.31E-05
Os02g0140200,49.7588657,-4.231522505,0.660484128,-6.406698246,1.49E-10,3.60E-09
Os02g0140500,20.05256295,-4.767757855,0.8104316,-5.882986122,4.03E-09,7.63E-08
Os02g0142750,6.458653978,-3.492996564,1.080242299,-3.233530631,0.001222702,0.005914782
Os02g0143200,14.42610319,2.185551869,0.584980679,3.736109497,0.000186889,0.001193483
Os02g0156000,39.13790476,5.018889373,0.647702396,7.748758384,9.28E-15,4.32E-13
Os02g0159800,44.13138114,3.115543726,0.568540975,5.479893029,4.26E-08,6.58E-07
Os02g0166200,395.4139055,-2.06677355,0.301515352,-6.854621279,7.15E-12,2.20E-10
Os02g0168100,994.3623242,2.38227354,0.281158731,8.473055516,2.39E-17,1.50E-15
Os02g0168200,13.72627618,3.239815089,0.740639093,4.374350641,1.22E-05,0.000109111
Os02g0178800,60.56125346,2.372539783,0.539265452,4.399576819,1.08E-05,9.83E-05
Os02g0187700,356.6867692,2.061341642,0.228512612,9.020690909,1.87E-19,1.46E-17
Os02g0205200,147.2616689,3.093666131,0.293358504,10.54568415,5.32E-26,7.40E-24
Os02g0206700,12.53697713,-2.017125787,0.57315288,-3.519350348,0.000432605,0.002460031
Os02g0207400,8.971994242,-2.348718075,0.754337761,-3.113615937,0.001848099,0.008356501
Os02g0208675,68.79947904,-4.150169683,0.804954012,-5.155784832,2.53E-07,3.36E-06
Os02g0209900,8.939817914,2.656872792,0.805604381,3.297987021,0.000973806,0.004862307
Os02g0212300,228.9659167,2.938499675,0.255406311,11.50519602,1.24E-30,2.56E-28
Os02g0212400,265.498292,2.125796348,0.268280978,7.923768444,2.30E-15,1.14E-13
Os02g0212500,191.8093486,2.874098373,0.32919996,8.730555047,2.53E-18,1.78E-16
Os02g0214400,15.96411809,3.679087736,0.66427997,5.538459538,3.05E-08,4.85E-07
Os02g0214900,283.9410552,2.038667708,0.254218949,8.019338107,1.06E-15,5.49E-14
Os02g0222100,776.1505777,2.541907288,0.149297882,17.02574242,5.29E-65,8.26E-62
Os02g0226400,18.16883809,-2.805434993,0.663916916,-4.225581432,2.38E-05,0.000198396
Os02g0252400,6.234494136,5.570121288,1.442959673,3.860205792,0.000113292,0.0007749
Os02g0259850,19.34170862,3.759504434,0.712433028,5.276993468,1.31E-07,1.85E-06
Os02g0259900,40.54396967,3.662265686,0.54548099,6.713828266,1.90E-11,5.40E-10
Os02g0267700,20.18108628,3.485361806,0.637829222,5.464412236,4.64E-08,7.13E-07
Os02g0267900,69.20646829,3.228137603,0.461947204,6.988109406,2.79E-12,9.12E-11
Os02g0267975,7.603539998,3.93037327,1.222914024,3.213940795,0.001309267,0.006274151
Os02g0268050,40.95289424,4.41064221,0.708485624,6.225450539,4.80E-10,1.08E-08
Os02g0268400,40.95289424,4.41064221,0.708485624,6.225450539,4.80E-10,1.08E-08
Os02g0268500,7.603539998,3.93037327,1.222914024,3.213940795,0.001309267,0.006274151
Os02g0268600,19.01869812,2.954981556,0.635151013,4.652407848,3.28E-06,3.37E-05
Os02g0270200,299.3835429,3.109390836,0.27774075,11.19529936,4.30E-29,8.02E-27
Os02g0271000,28.00276289,3.134898158,0.699676916,4.480493907,7.45E-06,7.01E-05
Os02g0280200,40.41145578,3.271239366,0.433007615,7.554692464,4.20E-14,1.77E-12
Os02g0318100,1367.197023,3.401491534,0.190462625,17.85910247,2.46E-71,4.85E-68
Os02g0332450,69.16303497,2.928250537,0.386760987,7.57121487,3.70E-14,1.57E-12
Os02g0484200,29.25194982,5.11709201,0.662539138,7.723456194,1.13E-14,5.20E-13
Os02g0484975,160.7383946,2.007298283,0.204699083,9.8060932,1.06E-22,1.17E-20
Os02g0485000,78.86758204,2.267062087,0.442060746,5.12839493,2.92E-07,3.83E-06
Os02g0491600,12.39121653,5.580372707,1.170476324,4.76760836,1.86E-06,2.03E-05
Os02g0511100,32.466378,5.428501794,0.954029668,5.690076501,1.27E-08,2.20E-07
Os02g0511600,16.86109737,2.862373089,0.666330507,4.295725708,1.74E-05,0.000150084
Os02g0517421,28.31410553,3.355120921,0.570463432,5.88139525,4.07E-09,7.70E-08
Os02g0523100,162.7735781,4.056424733,0.294812405,13.75934208,4.48E-43,2.60E-40
Os02g0530100,1344.22585,2.267353135,0.321826245,7.045271082,1.85E-12,6.21E-11
Os02g0534550,20.50124525,2.159104413,0.648337597,3.330216271,0.000867786,0.004416246
Os02g0535901,419.5209202,-2.367385711,0.308388073,-7.676644834,1.63E-14,7.32E-13
Os02g0541500,129.1610529,-3.2176473,0.495015593,-6.50009281,8.03E-11,2.04E-09
Os02g0569000,120.233759,-2.226665923,0.449860808,-4.949677507,7.43E-07,8.87E-06
Os02g0570400,810.3911933,-2.108263511,0.318088869,-6.627907227,3.40E-11,9.35E-10
Os02g0571100,238.6533103,-3.067161508,0.519240216,-5.907018396,3.48E-09,6.71E-08
Os02g0575000,6959.21817,2.178671941,0.29710593,7.33298033,2.25E-13,8.53E-12
Os02g0577700,1190.627206,3.968253027,0.453487084,8.750531529,2.12E-18,1.51E-16
Os02g0578400,56.1944282,-4.527833088,1.114530782,-4.062546462,4.85E-05,0.000372297
Os02g0580966,10.04180211,-5.571673779,1.699947636,-3.27755612,0.001047099,0.00517941
Os02g0582900,18780.76155,-2.723079957,0.35615393,-7.645795062,2.08E-14,9.20E-13
Os02g0585650,1719.145507,-3.697934015,0.44008136,-8.402841732,4.36E-17,2.66E-15
Os02g0586000,218.8481017,-3.022648632,0.619949498,-4.875636874,1.08E-06,1.24E-05
Os02g0587800,22.32733472,-2.167918978,0.536849493,-4.038224879,5.39E-05,0.000407717
Os02g0593600,41.11157658,-2.152478571,0.696506164,-3.090394143,0.00199891,0.008921364
Os02g0595200,55.66384511,-2.251804384,0.641704976,-3.509096032,0.000449633,0.002535941
Os02g0606600,14.68605534,2.345145154,0.694522984,3.376627134,0.000733805,0.003847647
Os02g0616600,169.8113639,2.713293086,0.242987626,11.16638377,5.96E-29,1.08E-26
Os02g0618100,471.020592,2.801071979,0.229323829,12.21448287,2.60E-34,7.08E-32
Os02g0620500,163.8004405,-3.158776991,0.566466356,-5.576283499,2.46E-08,4.00E-07
Os02g0630000,137.2185645,-2.554307946,0.336394547,-7.593190708,3.12E-14,1.35E-12
Os02g0631100,95.12173613,2.436938812,0.228295899,10.67447478,1.34E-26,1.99E-24
Os02g0641000,6.42841706,3.676655567,1.09746141,3.350145649,0.000807691,0.004161861
Os02g0645000,74.28874562,2.043697793,0.393223227,5.197296737,2.02E-07,2.74E-06
Os02g0658000,10.04141061,2.900075026,0.940193859,3.084550063,0.002038603,0.009054892
Os02g0663800,83.06465798,2.480802741,0.314611255,7.885295578,3.14E-15,1.53E-13
Os02g0666900,4.346741233,4.612825077,1.479477157,3.117875159,0.001821599,0.008265851
Os02g0670100,20.8697139,2.691488865,0.687667136,3.913941391,9.08E-05,0.000639365
Os02g0675400,15.50227088,2.387149612,0.77266671,3.089494577,0.002004974,0.00893766
Os02g0677600,41.02115454,-2.654827324,0.782841132,-3.391272144,0.00069569,0.00367743
Os02g0682700,167.2424512,-2.261342731,0.36260033,-6.23646077,4.48E-10,1.01E-08
Os02g0686800,8.61361734,4.260761111,1.278888523,3.331612594,0.000863444,0.004397925
Os02g0689900,961.4322779,-2.257966215,0.247298315,-9.130536189,6.82E-20,5.57E-18
Os02g0690000,244.468479,-2.15469078,0.442668114,-4.867508436,1.13E-06,1.29E-05
Os02g0690600,38.41694478,2.346776184,0.391809644,5.989582493,2.10E-09,4.21E-08
Os02g0697500,12.97929071,-4.160659937,1.298287489,-3.204729285,0.001351896,0.006428552
Os02g0702300,25.54819918,-2.798021897,0.491203722,-5.696255483,1.22E-08,2.13E-07
Os02g0704000,255.751326,-2.071246415,0.643640715,-3.218016457,0.001290804,0.006196696
Os02g0720400,78.49690379,2.023385173,0.488044145,4.145906049,3.38E-05,0.000270086
Os02g0726700,74.01017478,2.028071949,0.330312888,6.139851099,8.26E-10,1.78E-08
Os02g0728001,7.033008124,-3.753419253,1.145372661,-3.277028848,0.001049057,0.005186496
Os02g0729400,77.72058306,-3.969850556,1.29755845,-3.059477249,0.002217236,0.009720164
Os02g0730000,528.5341962,-2.612189433,0.53408927,-4.890922883,1.00E-06,1.16E-05
Os02g0731700,168.029523,-2.029831839,0.426180957,-4.7628403,1.91E-06,2.07E-05
Os02g0731800,115.9947074,-2.152623202,0.687855974,-3.129467916,0.001751232,0.008001467
Os02g0733900,13.33156946,2.773590136,0.852176618,3.254712789,0.001135071,0.005535859
Os02g0737200,93.20686277,2.053170998,0.300276348,6.837604799,8.05E-12,2.44E-10
Os02g0738100,323.1007752,2.940816059,0.294529392,9.984796562,1.78E-23,2.04E-21
Os02g0739650,3.836613041,5.453188154,1.498066525,3.640150863,0.000272478,0.001653162
Os02g0755600,523.8506239,-2.007397783,0.330799328,-6.068324842,1.29E-09,2.69E-08
Os02g0755900,1708.557127,2.303660384,0.320380484,7.19038924,6.46E-13,2.33E-11
Os02g0758000,1729.522498,2.895118547,0.446280981,6.487210227,8.74E-11,2.21E-09
Os02g0761300,13.86382346,2.719324941,0.71048484,3.827421484,0.000129493,0.00086966
Os02g0769100,1057.47854,-2.713615221,0.299779972,-9.05202307,1.40E-19,1.11E-17
Os02g0769700,16.41694953,2.396828531,0.60549903,3.958434964,7.54E-05,0.000543743
Os02g0772100,887.1426655,-2.341285975,0.432976974,-5.407414512,6.39E-08,9.58E-07
Os02g0774200,886.3393461,2.041316709,0.209490033,9.74421876,1.95E-22,2.07E-20
Os02g0787200,13.54416761,-2.367155548,0.749268173,-3.159290137,0.00158154,0.007342703
Os02g0795100,24.05500777,2.414699918,0.587914717,4.107228226,4.00E-05,0.000313869
Os02g0811800,237.6935387,4.43936367,0.602664582,7.366226257,1.76E-13,6.78E-12
Os02g0812700,76.46942985,2.60724625,0.437715728,5.956482909,2.58E-09,5.09E-08
Os02g0815300,67.76464326,-3.397203378,0.975235283,-3.48347054,0.000494958,0.002760588
Os03g0103300,797.8110613,-3.263715741,1.007226388,-3.240300075,0.00119404,0.005793145
Os03g0114550,153.622128,-2.017322918,0.451806,-4.465020204,8.01E-06,7.47E-05
Os03g0117100,369.9174022,-3.737647701,0.564191087,-6.624790409,3.48E-11,9.53E-10
Os03g0129400,117.2829187,2.057810654,0.348532851,5.904208591,3.54E-09,6.80E-08
Os03g0130100,502.1868457,2.70003624,0.285497691,9.457296255,3.16E-21,2.92E-19
Os03g0138700,449.6744714,-2.986224696,0.433339949,-6.89118255,5.53E-12,1.74E-10
Os03g0140300,22.22633307,-3.654448206,1.099447702,-3.323894534,0.000887698,0.004498275
Os03g0143100,34.03053819,-9.048060864,1.268632811,-7.13213531,9.88E-13,3.48E-11
Os03g0147150,6.564948394,-3.226744095,1.03556085,-3.115938666,0.001833604,0.008312488
Os03g0153400,87.56581292,-2.374500945,0.349224516,-6.799353532,1.05E-11,3.11E-10
Os03g0154000,2573.247211,4.055212996,0.267819506,15.14158941,8.61E-52,8.51E-49
Os03g0155632,37.80941015,3.309691273,0.55068493,6.01013591,1.85E-09,3.76E-08
Os03g0155700,47.96437543,3.40352123,0.476464654,7.143281674,9.11E-13,3.25E-11
Os03g0167302,7.591342728,-6.383525168,1.85615615,-3.439109994,0.00058363,0.003178018
Os03g0168500,18.12443157,2.286759672,0.549022262,4.165149268,3.11E-05,0.000250477
Os03g0185700,884.7964911,-2.733250813,0.194526281,-14.05080488,7.62E-45,5.25E-42
Os03g0188100,581.4963833,2.969738594,0.275269489,10.78847714,3.90E-27,6.06E-25
Os03g0196600,692.4083151,3.081264489,0.185854236,16.57893068,9.90E-62,1.22E-58
Os03g0206700,314.6744609,-2.900822211,0.579816449,-5.003000887,5.64E-07,6.91E-06
Os03g0206750,4.319133945,-6.068956143,1.74429479,-3.479317934,0.000502692,0.002796359
Os03g0213600,12.59420268,2.50424883,0.659054945,3.79975729,0.000144838,0.000959243
Os03g0227700,1299.600102,-2.592491937,0.276766747,-9.367064364,7.46E-21,6.60E-19
Os03g0232800,177.3658081,4.908787523,0.458029976,10.71717524,8.45E-27,1.27E-24
Os03g0233900,965.5384562,2.04321388,0.403985888,5.057636773,4.24E-07,5.36E-06
Os03g0234000,4.379048395,5.133134807,1.652061138,3.10710947,0.001889264,0.008507572
Os03g0234500,139.940288,2.453599038,0.256352494,9.571192378,1.06E-21,1.02E-19
Os03g0238300,884.4833151,-2.579336317,0.22881178,-11.27274265,1.79E-29,3.40E-27
Os03g0244333,16.47549035,2.625840762,0.779621063,3.368098794,0.000756885,0.003944636
Os03g0245700,1245.382532,2.031837573,0.302263742,6.722068489,1.79E-11,5.13E-10
Os03g0252900,44.58955357,-2.383060888,0.584165884,-4.079424961,4.51E-05,0.000348527
Os03g0256800,11.05998295,2.39777727,0.722761351,3.317522812,0.000908195,0.0045849
Os03g0258200,1176.022754,2.04156127,0.222045802,9.194325029,3.77E-20,3.14E-18
Os03g0269100,397.0280951,-3.06650172,0.346858386,-8.840788768,9.50E-19,6.94E-17
Os03g0270500,65.01014224,2.212400788,0.363472926,6.086837926,1.15E-09,2.41E-08
Os03g0277000,19.77772035,3.574171482,0.653059168,5.472967313,4.43E-08,6.82E-07
Os03g0277300,75.95523368,4.129704643,0.549694034,7.512733248,5.79E-14,2.39E-12
Os03g0283000,21.03973739,7.319389828,1.287140871,5.68654915,1.30E-08,2.24E-07
Os03g0283100,2188.248319,3.485558612,0.190976324,18.25126038,2.02E-74,4.28E-71
Os03g0283200,500.8036455,5.555350494,0.287959321,19.29213636,6.25E-83,2.65E-79
Os03g0287100,99.55738073,2.526722877,0.388358502,6.506160844,7.71E-11,1.96E-09
Os03g0293700,24.46908562,4.099607397,0.940982927,4.356728776,1.32E-05,0.000117104
Os03g0296200,13.59827479,2.753409627,0.74518193,3.694949536,0.00021993,0.001376609
Os03g0301950,9.543083143,2.370280572,0.753543926,3.14551082,0.001657971,0.007643683
Os03g0306800,902.6061836,-3.344978738,0.984604936,-3.397280084,0.000680593,0.00360792
Os03g0310800,2063.428642,2.362642907,0.127958451,18.46414119,4.01E-76,9.91E-73
Os03g0317900,124.7104323,-3.343194682,0.520525076,-6.422735115,1.34E-10,3.27E-09
Os03g0319000,175.0787737,2.284571626,0.235113573,9.716885339,2.55E-22,2.65E-20
Os03g0319050,175.2786169,2.393394168,0.260753212,9.178771559,4.36E-20,3.62E-18
Os03g0321100,24.95226046,2.262722236,0.589244052,3.840042554,0.000123013,0.000831797
Os03g0323100,27.40098947,-2.96796157,0.837920229,-3.542057428,0.000397019,0.002285288
Os03g0335200,403.5670214,2.880205036,0.24205039,11.89919603,1.19E-32,2.98E-30
Os03g0339400,5077.498208,3.593936071,0.253738362,14.16394445,1.53E-45,1.11E-42
Os03g0341000,169.496559,2.383204025,0.368248629,6.471725451,9.69E-11,2.42E-09
Os03g0351200,83.89247686,-3.172243068,0.817615093,-3.879873421,0.000104511,0.000721332
Os03g0360600,109.1443404,-2.835645345,0.811354422,-3.494952722,0.000474146,0.002659522
Os03g0365800,660.2862537,-2.284087768,0.281032576,-8.127484015,4.38E-16,2.39E-14
Os03g0374901,53.77542951,-3.058819094,0.42937353,-7.123911649,1.05E-12,3.68E-11
Os03g0413000,53.17893834,-3.368742597,0.752881821,-4.474463991,7.66E-06,7.19E-05
Os03g0417700,610.5304106,-5.706289609,0.461811497,-12.35631778,4.50E-35,1.28E-32
Os03g0417750,60.90221373,-4.896535999,0.670001089,-7.308250803,2.71E-13,1.02E-11
Os03g0425000,93.81483579,-2.794077702,0.900216508,-3.103784118,0.001910627,0.008589418
Os03g0425600,6.40152815,4.155514078,1.278031516,3.251495778,0.001147995,0.005592631
Os03g0428700,13.81623001,3.335761337,0.849416169,3.927122487,8.60E-05,0.000609092
Os03g0432100,130.9581102,-3.047933515,0.517552354,-5.889130811,3.88E-09,7.37E-08
Os03g0556500,10.76933565,6.187366624,1.804849409,3.428189961,0.00060762,0.00328315
Os03g0561400,223.2389333,2.579387939,0.271353783,9.505627338,1.99E-21,1.85E-19
Os03g0570100,123.5256897,-2.187146258,0.452115194,-4.837586272,1.31E-06,1.48E-05
Os03g0571900,941.191803,2.501987991,0.204073587,12.26022452,1.48E-34,4.14E-32
Os03g0575200,925.2316696,2.554173835,0.220161578,11.6013605,4.06E-31,8.84E-29
Os03g0578900,12.84591149,-2.845253931,0.724300555,-3.928277992,8.56E-05,0.000606899
Os03g0594600,23.4305708,-2.472984877,0.577902181,-4.279244757,1.88E-05,0.000160158
Os03g0596101,11.5559687,-3.265592813,1.026282869,-3.181961729,0.001462811,0.006880924
Os03g0603100,40.27092865,-2.800291919,0.500162878,-5.598760003,2.16E-08,3.57E-07
Os03g0603200,122.0172884,-2.67399251,0.445325328,-6.004582138,1.92E-09,3.88E-08
Os03g0608000,19.36299636,5.247387652,0.880403816,5.960205481,2.52E-09,4.99E-08
Os03g0618300,2504.898232,2.079178222,0.159937156,12.99996995,1.22E-38,4.77E-36
Os03g0619875,196.8298271,-4.421471205,0.399409711,-11.07001428,1.75E-28,3.13E-26
Os03g0625300,12.22446669,-2.896892943,0.740261036,-3.913339759,9.10E-05,0.000640808
Os03g0638400,71.00573372,2.832680933,0.31477661,8.999019773,2.28E-19,1.75E-17
Os03g0642300,290.6860447,2.112480582,0.308115911,6.856123001,7.08E-12,2.18E-10
Os03g0642600,117.5073729,-2.200873959,0.343247189,-6.411921293,1.44E-10,3.49E-09
Os03g0643250,22.22448032,2.199561573,0.498862039,4.409158049,1.04E-05,9.45E-05
Os03g0643611,3.448557838,-4.581864965,1.48375127,-3.088027662,0.002014897,0.008969757
Os03g0643700,609.4241306,5.181913488,0.212837065,24.34685648,6.26E-131,4.64E-127
Os03g0648600,35.09636035,2.261024668,0.457465271,4.942505615,7.71E-07,9.17E-06
Os03g0659200,399.2998389,-2.021739626,0.514416085,-3.930164091,8.49E-05,0.000603457
Os03g0660000,23.16295668,-2.818253652,0.712169752,-3.957277944,7.58E-05,0.000546117
Os03g0660050,64.43486506,-2.081823771,0.557105904,-3.736854617,0.000186337,0.001190209
Os03g0663900,14.86052655,4.609041438,1.344871948,3.42712289,0.000610013,0.003291449
Os03g0666800,24.74294797,-2.445406141,0.537144366,-4.552605026,5.30E-06,5.15E-05
Os03g0673400,2262.546347,2.632315429,0.227527244,11.56923184,5.90E-31,1.27E-28
Os03g0674900,45.39932181,2.91844444,0.436832611,6.680921633,2.37E-11,6.63E-10
Os03g0683800,84.07725513,-4.244139949,0.460279392,-9.220790735,2.95E-20,2.49E-18
Os03g0689400,45.31295913,-2.169315687,0.696760008,-3.113433123,0.001849244,0.008360377
Os03g0692000,181.7973489,2.38947363,0.372897063,6.407863898,1.48E-10,3.58E-09
Os03g0704901,24.94119786,2.012795175,0.474214153,4.24448567,2.19E-05,0.000183834
Os03g0711100,207.5417432,-4.009367777,0.683704993,-5.864177999,4.51E-09,8.46E-08
Os03g0714100,11.02895803,3.435605345,1.035915574,3.316491645,0.000911553,0.004598146
Os03g0718800,102.8614815,-2.485745735,0.420827485,-5.906804618,3.49E-09,6.71E-08
Os03g0719850,16.32161355,2.451072062,0.590460296,4.151120877,3.31E-05,0.000264788
Os03g0724500,78.39889429,2.129583495,0.294068162,7.241802311,4.43E-13,1.63E-11
Os03g0724800,23.19510695,2.137443953,0.53061759,4.028219181,5.62E-05,0.000422526
Os03g0739700,84.80878333,3.998823336,0.387109891,10.32994358,5.16E-25,6.65E-23
Os03g0740200,95.07415841,2.445792197,0.468273969,5.222994145,1.76E-07,2.42E-06
Os03g0741500,17.90740909,-3.680805355,0.924297937,-3.982271525,6.83E-05,0.000499504
Os03g0743650,8.063055231,4.189451891,1.116995132,3.750644718,0.00017638,0.00113567
Os03g0745000,32.35091935,2.658666328,0.553691637,4.801709384,1.57E-06,1.74E-05
Os03g0757100,21.48114886,-2.13932512,0.610601939,-3.503633027,0.000458957,0.002582147
Os03g0757600,761.1006761,3.421790411,0.295396707,11.58371212,4.98E-31,1.08E-28
Os03g0760200,8734.726175,4.708122214,0.305640354,15.40412496,1.54E-53,1.69E-50
Os03g0768900,55.77199462,2.142709705,0.453457998,4.725266103,2.30E-06,2.45E-05
Os03g0776900,503.1498856,2.78526528,0.286080846,9.735937642,2.12E-22,2.22E-20
Os03g0781300,291.0724357,3.696186989,0.272642,13.55692444,7.21E-42,3.89E-39
Os03g0781400,38.12788847,-3.06407241,0.828913288,-3.696493296,0.000218598,0.001369136
Os03g0785900,1779.168741,3.51680277,0.241483277,14.56333878,4.81E-48,3.85E-45
Os03g0790500,688.2640159,3.258465647,0.464824873,7.010093128,2.38E-12,7.87E-11
Os03g0805600,50.21675823,-3.007882146,0.764697297,-3.933428504,8.37E-05,0.000596318
Os03g0805700,19.50390265,-2.616396316,0.698034652,-3.748232714,0.000178085,0.001145401
Os03g0805850,15.57402414,-4.864214199,1.32696948,-3.665656425,0.000246705,0.001516098
Os03g0810500,45.86909577,2.54528819,0.394462811,6.452542856,1.10E-10,2.72E-09
Os03g0812400,360.8092834,2.35809495,0.238529023,9.885987557,4.79E-23,5.40E-21
Os03g0812800,60.78819068,3.361127497,0.38950821,8.629157004,6.18E-18,4.14E-16
Os03g0813450,5.991548207,4.607089286,1.387678351,3.319997953,0.000900181,0.004552972
Os03g0820400,208.0633232,2.938006342,0.235181593,12.49250123,8.20E-36,2.46E-33
Os03g0820500,33.38411406,2.140963626,0.531247556,4.030067722,5.58E-05,0.000419674
Os03g0823301,10.05558749,4.204134888,0.882384062,4.764518163,1.89E-06,2.06E-05
Os03g0823350,23.22142142,2.416622901,0.565638277,4.272382188,1.93E-05,0.000164223
Os03g0826900,105.0109914,-3.074000722,0.78591558,-3.911362491,9.18E-05,0.000645006
Os03g0838800,155.9746773,2.445975679,0.34282903,7.134680737,9.70E-13,3.43E-11
Os03g0841600,1554.55827,2.795198707,0.267398715,10.45329895,1.42E-25,1.92E-23
Os03g0853200,1079.98833,2.96996881,0.315392686,9.416733294,4.65E-21,4.21E-19
Os03g0856500,292.7166178,-2.297583097,0.595366396,-3.85910779,0.000113802,0.00077803
Os03g0861300,22.87753623,3.039613889,0.572961071,5.305096708,1.13E-07,1.61E-06
Os04g0104900,55.32419095,-3.092929272,0.664898791,-4.651729428,3.29E-06,3.38E-05
Os04g0107600,566.3936405,2.552525981,0.272482555,9.367667522,7.42E-21,6.58E-19
Os04g0107900,25.62271256,2.384513642,0.724391689,3.291746271,0.000995674,0.004958132
Os04g0111200,568.5293421,3.417584281,0.291783911,11.71272353,1.10E-31,2.56E-29
Os04g0111225,261.0295398,3.161272794,0.318013964,9.94067291,2.77E-23,3.15E-21
Os04g0111250,32.14226399,3.44900571,0.582780454,5.918190439,3.26E-09,6.30E-08
Os04g0117300,165.2501597,-2.080425509,0.224687739,-9.259185726,2.06E-20,1.77E-18
Os04g0118450,129.2071902,10.52493719,2.99776718,3.510925484,0.00044655,0.002520471
Os04g0118700,47.11107918,-2.300920561,0.61921813,-3.715848177,0.000202523,0.001279812
Os04g0128001,156.0483741,-2.093982916,0.312031472,-6.710806774,1.94E-11,5.50E-10
Os04g0137450,54.58734157,-2.281112635,0.621985006,-3.667472069,0.00024496,0.001507808
Os04g0139100,8.620320223,3.576405558,1.059187059,3.376557074,0.000733991,0.003847647
Os04g0167800,311.2862499,2.904334745,0.484044062,6.000145381,1.97E-09,3.98E-08
Os04g0167900,5.903590236,5.23726029,1.413099259,3.706222516,0.000210373,0.001323777
Os04g0168300,15.80499961,-4.306383453,1.185209332,-3.633437013,0.000279671,0.001689882
Os04g0186400,377.5446724,3.427968277,0.246639966,13.89867316,6.45E-44,4.07E-41
Os04g0186800,7.219149954,6.424411787,1.668253994,3.850979414,0.000117646,0.000799704
Os04g0197500,84.76081042,2.503125865,0.431015066,5.807513613,6.34E-09,1.16E-07
Os04g0201800,23.17185211,2.146163188,0.525173756,4.086577374,4.38E-05,0.000339108
Os04g0225100,22.17992223,2.134950156,0.569708304,3.747444336,0.000178645,0.001148507
Os04g0228400,838.286861,2.393407226,0.397855068,6.01577665,1.79E-09,3.63E-08
Os04g0229100,447.1014479,2.058566474,0.289328498,7.114979997,1.12E-12,3.90E-11
Os04g0322100,2626.039246,-2.202619159,0.329115303,-6.69254555,2.19E-11,6.19E-10
Os04g0324100,61.24711826,-3.151434863,0.586558569,-5.37275394,7.75E-08,1.14E-06
Os04g0338100,81.90133744,2.182278003,0.326739774,6.678948139,2.41E-11,6.71E-10
Os04g0339400,8581.770935,3.752890228,0.261170548,14.36950015,8.04E-47,6.27E-44
Os04g0341500,5.182464887,-4.146798594,1.232165142,-3.36545683,0.00076417,0.003977711
Os04g0352400,286.9611737,3.96970524,0.527113696,7.531022763,5.03E-14,2.10E-12
Os04g0359700,479.6090836,2.239290028,0.328344381,6.819943198,9.11E-12,2.73E-10
Os04g0359900,6.65997911,6.23077205,1.48961425,4.182809106,2.88E-05,0.000234359
Os04g0369000,188.7145111,2.597979576,0.29716702,8.74248958,2.28E-18,1.61E-16
Os04g0369033,8.312547822,2.707926932,0.78731649,3.439438861,0.000582921,0.003175326
Os04g0372700,60.19797118,2.025803461,0.311281631,6.507944123,7.62E-11,1.94E-09
Os04g0372750,101.6751806,2.267509326,0.281491876,8.055327772,7.93E-16,4.15E-14
Os04g0372775,35.08673933,2.0639312,0.413187064,4.995149604,5.88E-07,7.17E-06
Os04g0380400,24.67271143,-2.519037429,0.704049023,-3.577929019,0.000346327,0.002030564
Os04g0389100,54.087874,-3.212904865,0.356090572,-9.022718149,1.83E-19,1.44E-17
Os04g0390800,26.43263949,-3.712883979,0.941911172,-3.941862132,8.09E-05,0.000578508
Os04g0404400,1762.224309,-3.272394452,0.283856982,-11.52832117,9.50E-31,2.00E-28
Os04g0412500,60.42654815,-2.105221919,0.371965841,-5.659718405,1.52E-08,2.58E-07
Os04g0417750,8.195205673,-4.992886652,1.245333642,-4.009276297,6.09E-05,0.000453294
Os04g0432400,22.97897983,2.414638871,0.513361005,4.703588406,2.56E-06,2.70E-05
Os04g0445100,42.39563184,-2.045809875,0.552195015,-3.704868428,0.0002115,0.001329739
Os04g0447650,33.75710088,3.508739263,0.793475345,4.421989021,9.78E-06,8.96E-05
Os04g0447700,2172.602665,4.050121635,0.202524403,19.99819069,5.71E-89,2.82E-85
Os04g0453200,1975.102134,-2.95258993,0.390354386,-7.56387026,3.91E-14,1.65E-12
Os04g0456100,18.32636572,-2.104303893,0.518658202,-4.057207399,4.97E-05,0.000379142
Os04g0469300,67.78195911,-2.569675201,0.444690738,-5.778566942,7.53E-09,1.36E-07
Os04g0469700,138.4284852,-2.269828804,0.281126169,-8.074057335,6.80E-16,3.63E-14
Os04g0472200,126.1278689,2.576823626,0.338039331,7.622851512,2.48E-14,1.09E-12
Os04g0495300,66.78532223,-2.005719667,0.469106205,-4.275619566,1.91E-05,0.000162366
Os04g0506500,21.11014457,-3.289692179,0.700621215,-4.695393327,2.66E-06,2.79E-05
Os04g0506700,92.11931512,-2.760949435,0.550127463,-5.018744964,5.20E-07,6.44E-06
Os04g0511200,69.28159147,6.807899795,0.724136409,9.40140519,5.38E-21,4.82E-19
Os04g0514600,410.6632081,3.045206522,0.151224917,20.13693629,3.50E-90,2.08E-86
Os04g0524700,23.12613293,-3.029902711,0.910518032,-3.327669092,0.000875758,0.004454526
Os04g0525000,70.09956662,-2.832993437,0.761548243,-3.720044609,0.000199188,0.001261422
Os04g0525800,52.69773508,-2.309971668,0.405959828,-5.690148411,1.27E-08,2.20E-07
Os04g0529600,3.29846503,-5.324664839,1.602665839,-3.322379944,0.000892531,0.00451736
Os04g0532500,4.808205555,-5.391886225,1.493948518,-3.609151294,0.0003072,0.001832067
Os04g0535501,101.6590523,2.175450049,0.312794638,6.954882797,3.53E-12,1.14E-10
Os04g0538000,66.01267329,3.29583392,0.336345712,9.798947342,1.14E-22,1.24E-20
Os04g0538300,16.74274453,5.144208076,1.297609208,3.964373899,7.36E-05,0.000532065
Os04g0543000,141.4688348,2.670508129,0.236244207,11.30401527,1.25E-29,2.41E-27
Os04g0545000,28.87993532,-3.534509717,0.858592056,-4.116634546,3.84E-05,0.000302294
Os04g0549600,6797.036049,-2.231936135,0.273104683,-8.172456475,3.02E-16,1.67E-14
Os04g0552000,194.4349491,2.12999139,0.365380514,5.829515557,5.56E-09,1.02E-07
Os04g0555700,26.66427327,2.446088728,0.657921545,3.717903368,0.000200883,0.001270933
Os04g0556400,135.8948121,2.35973703,0.331215264,7.124481535,1.04E-12,3.67E-11
Os04g0556500,771.1620808,2.470476218,0.298861642,8.266287385,1.38E-16,8.00E-15
Os04g0566600,13.53075859,2.329001332,0.743174661,3.133854604,0.001725263,0.007903524
Os04g0567200,169.5691883,-3.22859323,1.054408229,-3.06199548,0.002198668,0.009654467
Os04g0567350,40.24180435,-2.820253159,0.904326374,-3.118623141,0.001816982,0.008254807
Os04g0568600,78.65512577,-3.240580445,0.756574186,-4.283228935,1.84E-05,0.000157725
Os04g0570000,76.69320266,2.643492814,0.358840495,7.36676281,1.75E-13,6.76E-12
Os04g0571600,157.6772629,-2.116508687,0.370016225,-5.720042909,1.06E-08,1.87E-07
Os04g0577375,85.7591835,-2.294833463,0.315327342,-7.277622829,3.40E-13,1.26E-11
Os04g0581000,1372.025654,-2.466459989,0.431323669,-5.718350669,1.08E-08,1.89E-07
Os04g0581600,34.00018282,-3.211547909,0.584560597,-5.49395208,3.93E-08,6.12E-07
Os04g0600300,932.9899792,2.930863148,0.447835992,6.544501115,5.97E-11,1.55E-09
Os04g0601800,190.1190754,-2.285781654,0.57443755,-3.979164757,6.92E-05,0.000504457
Os04g0607000,113.4661882,-2.209771765,0.615845697,-3.588190637,0.000332981,0.001963183
Os04g0617900,535.9857596,-2.191310655,0.398909494,-5.493252699,3.95E-08,6.14E-07
Os04g0629300,15.62560765,2.764185474,0.63195762,4.374004499,1.22E-05,0.000109218
Os04g0632500,17.59022795,2.994540659,0.685639591,4.36751421,1.26E-05,0.00011204
Os04g0632600,26.54193403,2.521209397,0.584945819,4.310158846,1.63E-05,0.000141488
Os04g0635700,117.8763723,-2.918804779,0.5135719,-5.683342058,1.32E-08,2.28E-07
Os04g0638800,6.065691936,3.879651243,1.241657204,3.124575149,0.00178062,0.008111988
Os04g0638901,12.74137784,2.991963443,0.778679967,3.842353175,0.00012186,0.000824379
Os04g0639000,64.36844507,2.588206149,0.541013295,4.783997309,1.72E-06,1.89E-05
Os04g0644100,83.87413001,2.438621637,0.540708832,4.510045871,6.48E-06,6.18E-05
Os04g0649500,2026.008683,-2.241906981,0.286046355,-7.837565293,4.59E-15,2.20E-13
Os04g0650700,2220.661392,2.928920658,0.290955969,10.06654259,7.77E-24,9.14E-22
Os04g0650750,116.6555726,2.927341477,0.453674373,6.45251672,1.10E-10,2.72E-09
Os04g0654400,1192.307412,2.652226461,0.232514974,11.40669102,3.87E-30,7.86E-28
Os04g0654500,137.2872636,4.323893764,0.329348564,13.12862491,2.26E-39,9.84E-37
Os04g0659200,338.9442501,-2.018104153,0.299530861,-6.737550004,1.61E-11,4.64E-10
Os04g0660900,38.09229698,3.830103686,0.514382845,7.446017534,9.62E-14,3.84E-12
Os04g0664600,104.7779192,-2.867590883,0.461929589,-6.207852779,5.37E-10,1.20E-08
Os04g0664666,47.62296321,-2.427195602,0.661102667,-3.671435201,0.000241192,0.001488633
Os04g0674800,176.0886925,3.454017698,0.316183819,10.92408117,8.84E-28,1.48E-25
Os04g0677300,582.7049809,2.553783023,0.19382689,13.17558687,1.21E-39,5.62E-37
Os04g0684000,24.82267312,-2.385285675,0.508613721,-4.689778463,2.74E-06,2.86E-05
Os04g0685151,64.60739782,2.053952517,0.4143564,4.956970661,7.16E-07,8.56E-06
Os04g0686100,37.09863047,-2.330182846,0.474416351,-4.91168325,9.03E-07,1.05E-05
Os04g0690900,120.2454667,-2.388114665,0.404485403,-5.904081197,3.55E-09,6.80E-08
Os05g0105800,41.83365111,-3.796662332,0.709022235,-5.354785996,8.57E-08,1.25E-06
Os05g0106200,664.8168931,-2.001567827,0.30917298,-6.473941638,9.55E-11,2.39E-09
Os05g0118700,39.35436167,5.2054712,0.653477515,7.965800017,1.64E-15,8.28E-14
Os05g0127500,620.8280574,-2.567824453,0.186587371,-13.76204852,4.31E-43,2.59E-40
Os05g0129800,5.600161833,-5.429637842,1.449533095,-3.745783977,0.000179831,0.001154378
Os05g0132700,127.6192759,2.032425874,0.275972635,7.364592044,1.78E-13,6.85E-12
Os05g0135000,333.0557763,2.949012984,0.363679747,8.108818285,5.11E-16,2.78E-14
Os05g0142600,242.6529528,2.8536449,0.267397747,10.6719108,1.38E-26,2.03E-24
Os05g0147116,23.51068582,-2.445367831,0.655593655,-3.730005335,0.000191476,0.001218049
Os05g0160300,3511.618037,-2.37602079,0.26613924,-8.927735694,4.35E-19,3.28E-17
Os05g0166600,54.08517988,2.711985326,0.738854754,3.670525651,0.000242052,0.001492697
Os05g0176800,6.357976158,2.818535479,0.852198721,3.307368823,0.000941768,0.004727819
Os05g0181300,37.84901787,2.938269564,0.538008835,5.461377903,4.72E-08,7.25E-07
Os05g0181700,83.48503375,2.349795796,0.272363541,8.627424168,6.27E-18,4.19E-16
Os05g0194500,403.0278599,2.199395435,0.172612338,12.74182056,3.46E-37,1.22E-34
Os05g0195101,310.1843818,-2.574388732,0.257796752,-9.986117811,1.75E-23,2.02E-21
Os05g0195200,1656.432338,-2.65137383,0.274193884,-9.669704487,4.06E-22,4.15E-20
Os05g0198700,103.414653,-2.070626876,0.329276205,-6.288419406,3.21E-10,7.38E-09
Os05g0210525,97.16741891,-2.147408602,0.312305943,-6.875977385,6.16E-12,1.92E-10
Os05g0212350,3.294486447,5.722948325,1.835500524,3.117922468,0.001821307,0.008265851
Os05g0244700,53.1607599,3.872997621,0.424512709,9.123396173,7.28E-20,5.88E-18
Os05g0246300,179.7799571,3.572141204,0.504778462,7.076651392,1.48E-12,5.04E-11
Os05g0246450,21.61299064,3.191046406,0.801679447,3.980451811,6.88E-05,0.00050233
Os05g0247800,425.2124323,2.257330966,0.232899048,9.692315115,3.25E-22,3.35E-20
Os05g0311801,46.36402722,3.962015136,0.67581784,5.862548898,4.56E-09,8.54E-08
Os05g0312600,458.6777203,3.211348263,0.174398282,18.41387551,1.02E-75,2.32E-72
Os05g0314700,10.67988325,2.810796816,0.856136618,3.283117154,0.00102666,0.00509446
Os05g0320800,4.957814764,6.315790039,1.857989571,3.399260221,0.000675684,0.003587672
Os05g0368000,90.88970361,2.051977855,0.398617624,5.147734898,2.64E-07,3.50E-06
Os05g0368100,146.36348,3.761928347,0.43960087,8.557599875,1.15E-17,7.51E-16
Os05g0372900,23.4877276,2.805090285,0.530386773,5.288763653,1.23E-07,1.75E-06
Os05g0375532,53.86315753,-2.835973171,0.841160433,-3.371500915,0.000747598,0.003905162
Os05g0390800,108.6076223,-3.058094382,0.465465236,-6.56997375,5.03E-11,1.33E-09
Os05g0405000,3681.985451,2.651254266,0.348524984,7.607070911,2.80E-14,1.22E-12
Os05g0406550,35.62443936,-2.599441266,0.723894075,-3.590913859,0.000329521,0.001946266
Os05g0408800,15.64767997,4.025819386,0.81161594,4.960251749,7.04E-07,8.43E-06
Os05g0410200,6648.2379,2.77082592,0.214568192,12.91349801,3.78E-38,1.37E-35
Os05g0410601,109.6397115,2.169812964,0.424718475,5.108826412,3.24E-07,4.21E-06
Os05g0414750,6.273970085,5.824059574,1.745432088,3.336743728,0.000847661,0.00433093
Os05g0424700,21.98455551,-3.051504885,0.682848576,-4.468787067,7.87E-06,7.37E-05
Os05g0426000,28.35034835,2.36620836,0.596166492,3.969039508,7.22E-05,0.000523287
Os05g0431266,14.44529802,-2.602649543,0.59999751,-4.337767237,1.44E-05,0.000126689
Os05g0433500,28.42204178,2.612030201,0.427256178,6.113498959,9.75E-10,2.07E-08
Os05g0435300,4.518409785,6.182391812,1.779958275,3.473335245,0.000514033,0.002853022
Os05g0438500,415.3742419,2.388507802,0.401630101,5.947033836,2.73E-09,5.37E-08
Os05g0439000,320.3048557,-2.308525867,0.374616232,-6.162375444,7.17E-10,1.57E-08
Os05g0443900,447.4856992,-2.122658224,0.211459608,-10.03812615,1.04E-23,1.21E-21
Os05g0457200,27.02876548,2.971071532,0.535021854,5.553177889,2.81E-08,4.50E-07
Os05g0457600,23.62685015,2.087041896,0.535332375,3.898590841,9.68E-05,0.00067582
Os05g0457800,1274.318618,2.185917881,0.326862448,6.687577287,2.27E-11,6.38E-10
Os05g0460000,428.1990502,2.457679027,0.328794407,7.47482005,7.73E-14,3.13E-12
Os05g0461600,94.99380551,3.103250595,0.381673757,8.130636544,4.27E-16,2.33E-14
Os05g0463000,15.28996554,3.562933339,0.752100866,4.737307852,2.17E-06,2.33E-05
Os05g0469800,37.19485883,-3.100140401,0.391661301,-7.915360522,2.47E-15,1.22E-13
Os05g0472400,719.2506752,-2.123819729,0.678853306,-3.128540011,0.001756771,0.008021555
Os05g0474700,18.47971826,2.30140572,0.566127929,4.065169026,4.80E-05,0.000368899
Os05g0489200,52.06943156,2.615150943,0.32441428,8.061146197,7.56E-16,3.98E-14
Os05g0490900,239.8066505,-2.51387418,0.602177205,-4.174641883,2.98E-05,0.000241666
Os05g0491700,12.94164483,-3.79289233,0.786133373,-4.82474407,1.40E-06,1.57E-05
Os05g0492600,50.88833083,2.369281198,0.477045696,4.966570745,6.81E-07,8.18E-06
Os05g0500400,48.46442598,-3.516257238,0.819519747,-4.290631496,1.78E-05,0.000153222
Os05g0502000,23.69625907,2.366744753,0.535309936,4.421260646,9.81E-06,8.98E-05
Os05g0515600,14.05065514,-4.145348616,1.15989944,-3.573886213,0.000351722,0.002058121
Os05g0519700,211.0557426,2.304591801,0.407376241,5.657158094,1.54E-08,2.62E-07
Os05g0527000,1066.150258,4.686232858,0.402976715,11.62904128,2.93E-31,6.54E-29
Os05g0528500,166.9692612,2.394770942,0.4138195,5.78699395,7.17E-09,1.29E-07
Os05g0529700,215.0260419,2.036881058,0.248546536,8.195169764,2.50E-16,1.40E-14
Os05g0534500,27.84865348,2.809774793,0.599964347,4.683236277,2.82E-06,2.94E-05
Os05g0550200,36.11379527,-2.592927675,0.397091551,-6.529798145,6.59E-11,1.69E-09
Os05g0550600,48.51319573,2.06105081,0.586712944,3.512877689,0.000443281,0.00250632
Os05g0552000,149.5649942,2.022038135,0.44947001,4.498716469,6.84E-06,6.48E-05
Os05g0552700,16.52498727,-2.762585336,0.647686346,-4.265313532,2.00E-05,0.000168929
Os05g0561400,1075.016525,-2.433629945,0.398067419,-6.113612496,9.74E-10,2.07E-08
Os05g0565400,266.5121804,-2.045914719,0.627508856,-3.26037585,0.001112647,0.005440993
Os05g0573550,16.51933431,2.280203255,0.704972267,3.234458094,0.001218738,0.005898493
Os05g0575000,231.6089823,3.11633918,0.23638706,13.18320546,1.10E-39,5.16E-37
Os05g0582600,571.1230299,3.176920383,0.26471199,12.0014223,3.49E-33,9.08E-31
Os05g0584900,345.4626946,-3.02115018,0.337292043,-8.957075157,3.33E-19,2.54E-17
Os05g0590300,15.85900289,-6.909194954,1.689898657,-4.088526211,4.34E-05,0.0003368
Os05g0591600,134.0201236,2.485331137,0.506033749,4.911394033,9.04E-07,1.05E-05
Os06g0108600,83.96019738,3.513708663,0.336728572,10.43483969,1.72E-25,2.29E-23
Os06g0109000,46.09600455,-2.908159011,0.808602365,-3.59652548,0.000322496,0.001912014
Os06g0109200,42.27209313,2.894146907,0.454535623,6.36726091,1.92E-10,4.57E-09
Os06g0113800,19.48979243,-3.652412728,0.731519711,-4.992910887,5.95E-07,7.24E-06
Os06g0113950,91.35822226,-2.089125187,0.369765754,-5.649861199,1.61E-08,2.72E-07
Os06g0116900,1513.236494,3.215728025,0.248143894,12.95912614,2.09E-38,7.73E-36
Os06g0118301,144.7188662,2.941665269,0.225392442,13.05130394,6.25E-39,2.47E-36
Os06g0122001,10.33649678,5.892013868,1.378954899,4.272811152,1.93E-05,0.000164048
Os06g0126100,18.8350823,2.708341183,0.844983571,3.205199814,0.001349687,0.006423163
Os06g0136600,1148.781718,2.819559819,0.49322876,5.716535706,1.09E-08,1.90E-07
Os06g0147200,27.45965196,3.017062728,0.553793955,5.447987831,5.09E-08,7.78E-07
Os06g0147250,150.3121455,4.78988467,0.406351103,11.78755179,4.53E-32,1.09E-29
Os06g0147300,405.0279392,3.29598234,0.215333232,15.3064267,6.93E-53,7.08E-50
Os06g0147600,83.72481817,2.574345071,0.342018642,7.526914479,5.20E-14,2.16E-12
Os06g0151700,283.561419,2.140685387,0.209506898,10.21773227,1.65E-24,2.07E-22
Os06g0157900,12.22312711,2.090254022,0.670970196,3.115271043,0.00183776,0.008326648
Os06g0178700,77.83499718,2.752497065,0.386914588,7.113965587,1.13E-12,3.93E-11
Os06g0183600,14.1479291,3.967113713,0.894552561,4.434746357,9.22E-06,8.49E-05
Os06g0185966,65.19810856,2.381413722,0.528547093,4.505584748,6.62E-06,6.29E-05
Os06g0186000,19.66086494,3.413942367,0.918233646,3.717945188,0.00020085,0.001270933
Os06g0190700,30.92115485,2.154880298,0.396908965,5.42915502,5.66E-08,8.59E-07
Os06g0191500,197.0821339,2.185070548,0.274238563,7.967772743,1.62E-15,8.16E-14
Os06g0191800,123.7251819,2.298541681,0.242627048,9.473559124,2.70E-21,2.51E-19
Os06g0195800,83.35583319,3.026464234,0.481196838,6.289451623,3.19E-10,7.33E-09
Os06g0199700,218.5675345,-2.74979476,0.251919121,-10.91538725,9.73E-28,1.62E-25
Os06g0200600,112.4681088,3.111160248,0.27518397,11.30574667,1.23E-29,2.38E-27
Os06g0203400,7.232814415,-4.825793727,1.351847086,-3.569777809,0.000357284,0.002085182
Os06g0207950,141.1615434,3.048620835,0.368136763,8.28121813,1.22E-16,7.09E-15
Os06g0208951,10.1804935,6.006530767,1.657926276,3.622917891,0.000291298,0.001748103
Os06g0211500,16.87602431,-2.361877041,0.711598112,-3.319116508,0.000903027,0.004562697
Os06g0215500,29.36018243,5.659236455,0.958810444,5.902351704,3.58E-09,6.86E-08
Os06g0215600,7355.464733,2.631995363,0.274004864,9.605651979,7.57E-22,7.43E-20
Os06g0215750,26.48996634,2.357430617,0.600041369,3.928780147,8.54E-05,0.000606068
Os06g0215900,3894.121175,2.571658327,0.151647665,16.95811362,1.68E-64,2.48E-61
Os06g0216000,127.1361187,4.513672156,0.618617559,7.296385453,2.96E-13,1.11E-11
Os06g0216300,3656.873189,4.226973751,0.223170187,18.94058431,5.28E-80,1.96E-76
Os06g0222100,60.3002114,3.148046653,0.653876097,4.814439107,1.48E-06,1.64E-05
Os06g0226500,15.20951304,2.457008521,0.610721621,4.023123526,5.74E-05,0.000430793
Os06g0227500,142.8053227,3.137289385,0.382615582,8.199586041,2.41E-16,1.35E-14
Os06g0230100,7.469843597,-3.664293147,0.979378283,-3.741448233,0.000182963,0.001171184
Os06g0231050,75.07122897,2.184136462,0.357048018,6.117206508,9.52E-10,2.03E-08
Os06g0238700,89.02155213,-2.499263427,0.316337798,-7.900615866,2.78E-15,1.36E-13
Os06g0239700,840.5029604,2.603152823,0.216649731,12.01549068,2.95E-33,7.73E-31
Os06g0249350,417.2291231,2.231711258,0.18652138,11.96490854,5.43E-33,1.40E-30
Os06g0259850,12.61806323,-2.51849868,0.806966993,-3.120943859,0.001802724,0.008198826
Os06g0263801,107.5446842,-3.798094035,1.141433173,-3.327478232,0.000876358,0.004455868
Os06g0271600,212.9391571,-2.657394304,0.263960164,-10.06740661,7.70E-24,9.09E-22
Os06g0284500,219.2338689,-3.439571923,0.39172707,-8.780531626,1.63E-18,1.17E-16
Os06g0285200,19.19888683,-5.089421593,1.072471533,-4.745507396,2.08E-06,2.24E-05
Os06g0289200,144.3446662,3.463552329,0.429616486,8.061963276,7.51E-16,3.96E-14
Os06g0302000,7.771552135,-6.422134236,1.842241402,-3.486043809,0.000490221,0.002737258
Os06g0315000,618.7770351,2.10315861,0.5024096,4.18614336,2.84E-05,0.000231595
Os06g0324300,6.499076057,-4.053572093,1.160464541,-3.493059846,0.000477519,0.002674903
Os06g0325200,9.376173037,7.069399559,1.375603987,5.139124069,2.76E-07,3.64E-06
Os06g0335900,60.80521719,2.28947119,0.323773257,7.071217714,1.54E-12,5.23E-11
Os06g0338200,356.1833806,2.579696727,0.263157394,9.802866201,1.09E-22,1.20E-20
Os06g0348800,215.9493523,-2.837067618,0.901167007,-3.148215142,0.001642707,0.007588658
Os06g0356800,2042.131434,2.398975441,0.469349212,5.111280426,3.20E-07,4.17E-06
Os06g0360300,35.81547658,-2.552126492,0.761453856,-3.351649572,0.000803316,0.004142921
Os06g0483100,4.888461855,5.907676646,1.466392867,4.028713436,5.61E-05,0.000421746
Os06g0484450,3.639168589,-5.203294922,1.659892389,-3.134718225,0.001720193,0.007881513
Os06g0484500,90.96935408,-2.523614664,0.771686366,-3.270259492,0.001074489,0.005284908
Os06g0486300,40.74010022,2.034568783,0.42975505,4.734252185,2.20E-06,2.36E-05
Os06g0491566,23.89367793,2.579348421,0.600108848,4.298134295,1.72E-05,0.000148688
Os06g0499200,15.39687604,-2.164853541,0.608343585,-3.558603385,0.000372832,0.002165406
Os06g0504100,28.18153638,-2.864761174,0.532952147,-5.375269038,7.65E-08,1.13E-06
Os06g0507300,126.551688,3.023607148,0.476887861,6.340289599,2.29E-10,5.39E-09
Os06g0509900,10.77414789,2.728047316,0.816395438,3.341575893,0.000833042,0.004271702
Os06g0513050,5962.459519,2.094527814,0.372553933,5.62207946,1.89E-08,3.16E-07
Os06g0532500,20.88252304,-3.421194877,0.942372632,-3.630405595,0.000282976,0.001707071
Os06g0533700,33.94798226,-3.159910035,0.494310912,-6.39255569,1.63E-10,3.93E-09
Os06g0536100,817.4785851,2.893541371,0.221330548,13.07339361,4.67E-39,1.90E-36
Os06g0538400,528.2950453,-2.440238142,0.220436154,-11.07004499,1.75E-28,3.13E-26
Os06g0540050,110.3160563,2.565055309,0.307874361,8.331500219,7.98E-17,4.70E-15
Os06g0542350,20.85219804,2.179884842,0.676970547,3.220058616,0.001281644,0.006160702
Os06g0543601,65.98604731,-2.116146759,0.319942318,-6.614150861,3.74E-11,1.02E-09
Os06g0548500,122.0223292,-2.231178271,0.532118546,-4.193009784,2.75E-05,0.000225299
Os06g0559400,127.8578011,-2.202769158,0.686592023,-3.208265002,0.001335384,0.006369352
Os06g0559900,142.6957384,-2.333862944,0.407077101,-5.733220899,9.85E-09,1.74E-07
Os06g0560000,767.3532392,-2.241811823,0.171009525,-13.10928047,2.91E-39,1.23E-36
Os06g0564700,64.77232517,-2.662412365,0.35534988,-7.492368835,6.76E-14,2.77E-12
Os06g0571800,83.8699725,-2.075852077,0.651715791,-3.185210649,0.001446487,0.006813865
Os06g0574000,14.78346438,2.247577338,0.538732748,4.171970884,3.02E-05,0.000243918
Os06g0590700,66.03390695,3.149624384,0.32947542,9.559512466,1.18E-21,1.13E-19
Os06g0592500,564.5400858,2.900947572,0.442530311,6.555364679,5.55E-11,1.45E-09
Os06g0594400,576.0837054,-3.216790929,0.438252311,-7.340043279,2.14E-13,8.13E-12
Os06g0601600,18.36987268,3.071189168,0.723418192,4.245385591,2.18E-05,0.00018315
Os06g0602400,48.47554541,2.110584122,0.378422364,5.577323978,2.44E-08,3.98E-07
Os06g0610800,1107.993839,-2.544138041,0.190110171,-13.38244044,7.66E-41,3.91E-38
Os06g0612800,20989.50998,-2.384601452,0.346313629,-6.885670246,5.75E-12,1.80E-10
Os06g0620200,29.60775316,2.722270654,0.426328799,6.385378278,1.71E-10,4.11E-09
Os06g0620700,250.3123541,2.881665,0.257966516,11.17069393,5.67E-29,1.04E-26
Os06g0626700,6.967549941,-2.753720628,0.83749597,-3.288040453,0.001008873,0.005015436
Os06g0636700,30.36873869,2.325380162,0.486425428,4.780548111,1.75E-06,1.91E-05
Os06g0641800,26.85601426,-2.715049796,0.515162012,-5.270283393,1.36E-07,1.91E-06
Os06g0641866,251.1526284,-2.337511758,0.338504509,-6.905408032,5.01E-12,1.59E-10
Os06g0641932,99.18496389,-2.81649086,0.525167297,-5.363035501,8.18E-08,1.20E-06
Os06g0650300,48.18485198,2.261016534,0.420009698,5.3832484,7.32E-08,1.08E-06
Os06g0651000,1227.619186,2.127832084,0.181745146,11.70777944,1.16E-31,2.69E-29
Os06g0652250,97.77913642,2.120946784,0.345119675,6.145540046,7.97E-10,1.73E-08
Os06g0653200,30.03780666,4.481074886,0.657665906,6.813603754,9.52E-12,2.85E-10
Os06g0657750,5.029640638,-3.897837822,1.261493529,-3.089859545,0.002002512,0.00893154
Os06g0663800,282.4383028,-2.765530584,0.900233331,-3.072015318,0.002126188,0.009383463
Os06g0692600,230.0690256,-2.744265515,0.289548884,-9.477727814,2.60E-21,2.42E-19
Os06g0694200,9.45724771,-3.670237248,0.908935459,-4.037951444,5.39E-05,0.000408069
Os06g0698200,26.22241084,2.484842898,0.723579539,3.434097792,0.00059453,0.003227408
Os06g0704200,22.06755949,-2.748243632,0.810201677,-3.392048807,0.000693721,0.003670294
Os06g0725350,14.81854281,5.995565168,1.282421532,4.675190659,2.94E-06,3.05E-05
Os06g0727900,18.26619639,2.140749469,0.662744733,3.230126719,0.001237354,0.00597688
Os07g0104750,121.6615658,2.480419949,0.249686922,9.934120433,2.96E-23,3.35E-21
Os07g0116600,421.7545891,-2.148530424,0.395855152,-5.427567157,5.71E-08,8.64E-07
Os07g0119600,18.02939896,-2.881301212,0.704974439,-4.087100261,4.37E-05,0.000338433
Os07g0121100,19.5215732,2.112831572,0.588367551,3.591006282,0.000329404,0.001946266
Os07g0142700,3671.777963,2.176003479,0.319758248,6.805151985,1.01E-11,3.00E-10
Os07g0152200,20.10851982,7.045142968,1.317347936,5.347974346,8.89E-08,1.29E-06
Os07g0157000,20.72193362,7.38697914,1.269636738,5.818183201,5.95E-09,1.09E-07
Os07g0163200,11.12921666,-2.396674606,0.740841553,-3.235070437,0.001216127,0.005888742
Os07g0167500,76.27809042,3.631692749,0.343066545,10.58597174,3.46E-26,4.93E-24
Os07g0170000,559.5752715,3.95296328,0.28325285,13.95559932,2.91E-44,1.87E-41
Os07g0196200,64.32948003,-3.279279731,0.824647531,-3.976583461,6.99E-05,0.000509138
Os07g0196300,32.70089477,-2.499206962,0.437954193,-5.706548768,1.15E-08,2.01E-07
Os07g0197500,4.286339551,-5.975858695,1.674848214,-3.568000159,0.000359716,0.002097861
Os07g0206600,48.23482147,-3.90265688,0.711499108,-5.485118444,4.13E-08,6.40E-07
Os07g0209100,1718.721191,2.135570548,0.332927392,6.414523414,1.41E-10,3.44E-09
Os07g0211601,28.33676736,-3.086366056,0.785480797,-3.929269903,8.52E-05,0.000605415
Os07g0211700,29.32004752,-2.42516723,0.56279031,-4.309184411,1.64E-05,0.000141988
Os07g0214900,56.53309069,-3.482231986,0.92408209,-3.768314552,0.000164354,0.001068208
Os07g0225300,2241.984867,2.467193602,0.188065284,13.11881464,2.57E-39,1.10E-36
Os07g0241500,136.6520343,2.696090995,0.495630526,5.439719419,5.34E-08,8.12E-07
Os07g0241751,250.781366,2.282885433,0.387943411,5.884583598,3.99E-09,7.56E-08
Os07g0244100,12.9382281,3.343689521,0.797066771,4.194992994,2.73E-05,0.000223667
Os07g0245100,2149.3215,2.340374216,0.167198584,13.99757201,1.61E-44,1.09E-41
Os07g0281900,14.72482722,3.136710425,0.689502383,4.549237973,5.38E-06,5.22E-05
Os07g0296000,116.860041,2.226282733,0.259421137,8.581732222,9.35E-18,6.14E-16
Os07g0409500,21.24391946,2.886325397,0.604299773,4.776313884,1.79E-06,1.95E-05
Os07g0410300,246.8041947,2.107723338,0.438116427,4.810874939,1.50E-06,1.67E-05
Os07g0418500,366.0356104,3.158699859,0.291235631,10.8458565,2.09E-27,3.34E-25
Os07g0445800,15.59344188,3.052441098,0.630035089,4.844874754,1.27E-06,1.43E-05
Os07g0449700,6.551458398,6.592474342,1.443574515,4.566771077,4.95E-06,4.84E-05
Os07g0451201,20.61796512,-7.255649896,1.338938117,-5.418958357,5.99E-08,9.03E-07
Os07g0459000,17.96365397,-3.308604804,0.83732177,-3.951413808,7.77E-05,0.000557914
Os07g0462500,87.00615635,-3.698404746,0.451579591,-8.189928911,2.61E-16,1.45E-14
Os07g0463600,12.95857445,-3.780501355,0.824347963,-4.586050463,4.52E-06,4.46E-05
Os07g0464001,10.38991505,3.148742294,1.010986257,3.114525317,0.001842411,0.008342694
Os07g0469100,128.1274083,-2.614095344,0.741759937,-3.524179741,0.000424796,0.00242213
Os07g0480900,21.04984209,-3.333282384,0.80878009,-4.121370477,3.77E-05,0.000296737
Os07g0484200,47.19378316,5.084256455,0.534648363,9.509533385,1.92E-21,1.79E-19
Os07g0485000,12.6447884,2.226499775,0.698446591,3.187788162,0.001433655,0.006758791
Os07g0499500,143.0221451,3.930404371,0.337655622,11.64027522,2.57E-31,5.78E-29
Os07g0516100,11.31110277,-3.13686172,1.003014568,-3.127433859,0.001763395,0.008043618
Os07g0517800,5.507607291,5.012927224,1.508354352,3.32344135,0.000889141,0.00450482
Os07g0517900,35.06365067,-3.868167232,0.629698588,-6.142886941,8.10E-10,1.75E-08
Os07g0518500,114.6070547,-2.632247603,0.311851302,-8.44071385,3.15E-17,1.96E-15
Os07g0520800,249.3092731,-2.536973205,0.6664143,-3.806900909,0.000140719,0.00093468
Os07g0533600,15.12762786,2.776257236,0.733807434,3.783359377,0.000154726,0.001016103
Os07g0534500,28.59011966,2.239965928,0.48275102,4.640002479,3.48E-06,3.55E-05
Os07g0541850,6.119973413,-6.096366092,1.5029913,-4.056155277,4.99E-05,0.000380559
Os07g0542800,47.01392198,-2.275885062,0.360938737,-6.305460808,2.87E-10,6.63E-09
Os07g0542900,189.8191157,3.761794621,0.495172205,7.596942195,3.03E-14,1.31E-12
Os07g0561300,84.07109487,2.065582352,0.432445992,4.776509413,1.78E-06,1.95E-05
Os07g0575000,75.55536512,-2.361182891,0.526629758,-4.483572865,7.34E-06,6.93E-05
Os07g0587300,15.84130918,2.32789664,0.637027258,3.65431245,0.000257872,0.001573885
Os07g0593400,37.51791209,2.566486548,0.50892504,5.042955931,4.58E-07,5.74E-06
Os07g0597200,3263.784461,2.354458202,0.175334342,13.42839159,4.12E-41,2.18E-38
Os07g0599300,90.7588949,2.185279835,0.472270862,4.627174812,3.71E-06,3.74E-05
Os07g0602000,49.13547508,3.040582912,0.428249807,7.100021673,1.25E-12,4.30E-11
Os07g0603700,5.399617696,-5.775033425,1.455855441,-3.96676295,7.29E-05,0.000527663
Os07g0605600,45.41357557,-2.926383031,0.767643098,-3.812166148,0.000137754,0.00091663
Os07g0605800,651.277465,2.195338533,0.692304123,3.171060895,0.001518833,0.007097145
Os07g0611200,10.60876933,-3.916937161,0.936059794,-4.184494608,2.86E-05,0.000232886
Os07g0611400,24.74678524,-2.255832649,0.562617905,-4.009528723,6.08E-05,0.000452924
Os07g0611500,26.3818477,-3.79245462,0.669647428,-5.663360246,1.48E-08,2.53E-07
Os07g0612200,21.15180007,-2.451549882,0.520421623,-4.710699502,2.47E-06,2.61E-05
Os07g0625600,99.14267987,2.592249365,0.421942331,6.143610567,8.07E-10,1.75E-08
Os07g0629500,101.1350146,2.291433853,0.262200853,8.739231112,2.35E-18,1.65E-16
Os07g0630800,39.27744009,-4.057785632,0.807841239,-5.022998874,5.09E-07,6.31E-06
Os07g0631200,121.3798335,2.561351667,0.357487661,7.16486733,7.79E-13,2.79E-11
Os07g0635500,2647.490741,2.811425122,0.266034038,10.56791508,4.20E-26,5.90E-24
Os07g0638100,18208.83754,2.900509249,0.31367996,9.246715184,2.31E-20,1.98E-18
Os07g0638300,44.20421795,5.463949686,0.835016519,6.543522869,6.01E-11,1.55E-09
Os07g0638400,8153.761404,4.835535168,0.411437173,11.75279115,6.83E-32,1.63E-29
Os07g0638600,158.3083858,3.771948751,0.254928086,14.79612861,1.55E-49,1.35E-46
Os07g0638801,187.1257906,4.014167114,0.259722943,15.45557382,6.92E-54,7.89E-51
Os07g0643000,87.54157827,2.868223002,0.368418515,7.785230354,6.96E-15,3.27E-13
Os07g0643800,21.66358793,2.592556597,0.715241594,3.624728507,0.000289265,0.001739705
Os07g0663700,212.4443415,-2.299760745,0.405153751,-5.676266693,1.38E-08,2.36E-07
Os07g0665100,21.54356525,-3.061560433,0.948726293,-3.227021805,0.001250859,0.006034251
Os07g0668500,28.91532611,2.441026894,0.585037373,4.172428991,3.01E-05,0.000243494
Os07g0673600,271.4407243,-4.398013698,1.431144273,-3.073075009,0.002118652,0.009361355
Os07g0687000,100.6475652,3.389683473,0.375075303,9.037341148,1.61E-19,1.26E-17
Os07g0687100,33.16736123,2.379330041,0.49143697,4.841577223,1.29E-06,1.45E-05
Os07g0687900,96.5122835,2.188461969,0.69839061,3.133578743,0.001726886,0.007907533
Os07g0693100,24.02552748,3.248411753,0.547283783,5.935516186,2.93E-09,5.72E-08
Os08g0105700,192.1718197,3.153838046,0.545521602,5.781325682,7.41E-09,1.33E-07
Os08g0112300,114.7019221,2.404510107,0.367265554,6.547061326,5.87E-11,1.53E-09
Os08g0112900,100.7201364,-2.170324992,0.423042156,-5.130280658,2.89E-07,3.80E-06
Os08g0112950,879.6687679,-3.405338784,0.763864804,-4.458038605,8.27E-06,7.68E-05
Os08g0117100,45.7171771,-2.236647809,0.669917566,-3.338691091,0.000841741,0.004310343
Os08g0126500,11.69848164,4.27675417,0.975238963,4.385339731,1.16E-05,0.000104217
Os08g0138400,132.0768139,2.701828979,0.305790145,8.835565907,9.96E-19,7.21E-17
Os08g0152000,9.075575417,-4.514802161,1.061362919,-4.25377793,2.10E-05,0.000177067
Os08g0153750,163.952048,2.353859593,0.336684135,6.991299414,2.72E-12,8.94E-11
Os08g0153900,138.8325601,2.566836531,0.298660927,8.594483896,8.36E-18,5.52E-16
Os08g0154225,10.63609613,-2.36232229,0.658271464,-3.588674917,0.000332363,0.00196032
Os08g0155900,2489.657428,2.592205387,0.332227158,7.802508985,6.07E-15,2.87E-13
Os08g0156000,2578.46535,2.217272088,0.373112547,5.942636091,2.80E-09,5.50E-08
Os08g0156100,744.7243175,2.986759105,0.386423304,7.729241682,1.08E-14,4.99E-13
Os08g0158400,145.6973907,-2.13275813,0.304172552,-7.011671882,2.35E-12,7.80E-11
Os08g0163400,106.5210302,-2.319354273,0.633916224,-3.658770962,0.000253428,0.00155059
Os08g0167249,47.97846004,2.533776379,0.416022886,6.090473533,1.13E-09,2.36E-08
Os08g0174000,8.179896071,5.571793653,1.417624296,3.930373985,8.48E-05,0.00060322
Os08g0174100,9.521272647,3.178538656,0.92331439,3.442531265,0.000576297,0.003144442
Os08g0174300,33.38680949,6.233963759,1.192612121,5.227151099,1.72E-07,2.37E-06
Os08g0183900,51.24734059,-3.508516751,1.110189834,-3.160285425,0.001576147,0.007319957
Os08g0185900,417.2571775,3.552404144,0.236052142,15.04923492,3.49E-51,3.24E-48
Os08g0188900,75.80302371,2.118288231,0.35485804,5.969396186,2.38E-09,4.73E-08
Os08g0202300,420.030755,-2.175844132,0.476096857,-4.570171174,4.87E-06,4.78E-05
Os08g0203400,112.0535547,-5.351943493,0.638829164,-8.377738201,5.40E-17,3.24E-15
Os08g0205800,570.6283662,3.238043136,0.231609428,13.98061885,2.05E-44,1.35E-41
Os08g0247700,39.22885074,-3.154029671,0.526479914,-5.990788222,2.09E-09,4.18E-08
Os08g0277300,95.00708194,-3.131711348,0.387443962,-8.083004651,6.32E-16,3.40E-14
Os08g0278501,8.267915034,-5.692030111,1.459560489,-3.899824743,9.63E-05,0.000673019
Os08g0298700,9.272951202,3.855435574,1.040187678,3.706480719,0.000210159,0.001322805
Os08g0313200,69.35114164,-2.111457024,0.532076378,-3.968334456,7.24E-05,0.000524709
Os08g0334900,233.0415224,2.531288668,0.309981274,8.165940584,3.19E-16,1.75E-14
Os08g0346900,277.649525,3.043338096,0.384936116,7.906086161,2.66E-15,1.30E-13
Os08g0347000,110.5429922,2.768762609,0.377978978,7.325176183,2.39E-13,9.01E-12
Os08g0348300,100.9792269,3.589972487,0.470864271,7.624219357,2.46E-14,1.08E-12
Os08g0349300,122.713217,3.726743339,0.522270685,7.135654831,9.63E-13,3.41E-11
Os08g0352100,83.30504482,3.859276741,0.472507461,8.167652498,3.14E-16,1.73E-14
Os08g0360300,234.1982718,2.740373425,0.225091173,12.17450417,4.25E-34,1.13E-31
Os08g0383800,29.96778275,-3.12062158,0.53156251,-5.870657765,4.34E-09,8.18E-08
Os08g0387050,113.1842846,2.445204326,0.318776859,7.67058291,1.71E-14,7.67E-13
Os08g0391300,12.92102058,3.392129661,0.704359875,4.815904175,1.47E-06,1.63E-05
Os08g0395700,1194.583509,2.559537913,0.346064336,7.39613317,1.40E-13,5.48E-12
Os08g0404500,244.7709972,3.616959729,0.285704611,12.65978774,9.88E-37,3.22E-34
Os08g0404700,46.16328737,2.030087117,0.403003308,5.03739567,4.72E-07,5.89E-06
Os08g0412700,958.9489905,4.171995562,0.263836015,15.81283575,2.54E-56,3.01E-53
Os08g0424100,57.90104909,2.010657568,0.487865173,4.121338596,3.77E-05,0.000296737
Os08g0425300,8.829830809,5.112674753,1.193197,4.284853846,1.83E-05,0.000156803
Os08g0425500,209.6941233,-2.789360934,0.450604293,-6.190267112,6.01E-10,1.32E-08
Os08g0427600,10.9570573,-2.621328831,0.79557761,-3.294875067,0.000984654,0.004909031
Os08g0429800,61.47060912,-2.677733196,0.34078591,-7.857523213,3.92E-15,1.89E-13
Os08g0455600,88.39164273,-2.121524082,0.332753056,-6.375671218,1.82E-10,4.36E-09
Os08g0456200,12.75299157,-2.915519046,0.889761012,-3.276743989,0.001050115,0.005190866
Os08g0463900,43.93616188,-2.126598122,0.69731586,-3.049691317,0.002290767,0.009989334
Os08g0469600,165.781167,-2.479494606,0.382864933,-6.476160102,9.41E-11,2.37E-09
Os08g0470000,19.78588129,-2.818119263,0.660744455,-4.265066839,2.00E-05,0.000169068
Os08g0473900,84.91891886,2.340315255,0.609983999,3.836683026,0.000124707,0.000841835
Os08g0474866,152.5178697,-2.974147982,0.297094484,-10.01078157,1.37E-23,1.59E-21
Os08g0477100,933.4525909,-3.338928369,0.294258292,-11.34693043,7.68E-30,1.50E-27
Os08g0478466,16.39273366,-2.743407621,0.724205602,-3.788161283,0.000151766,0.000999991
Os08g0478700,1418.412465,2.160177665,0.268377197,8.049035804,8.34E-16,4.36E-14
Os08g0485400,914.6911729,2.392012019,0.227911045,10.49537561,9.07E-26,1.26E-23
Os08g0494300,84.92827095,2.267433,0.390094073,5.812528717,6.15E-09,1.13E-07
Os08g0504500,116.1646154,-2.679012829,0.797120898,-3.360861365,0.000776998,0.004031159
Os08g0508000,156.6470655,4.000201219,0.281424169,14.21413529,7.49E-46,5.55E-43
Os08g0508500,72.52482356,2.172763042,0.385605026,5.634685485,1.75E-08,2.95E-07
Os08g0509100,1372.267763,2.078497556,0.163986086,12.67484091,8.15E-37,2.77E-34
Os08g0514000,201.2351621,2.204896912,0.22618545,9.748181933,1.88E-22,2.00E-20
Os08g0518900,50.68114404,2.141328917,0.448046588,4.779255042,1.76E-06,1.93E-05
Os08g0520600,30.3678182,3.545154695,0.558509055,6.347533067,2.19E-10,5.16E-09
Os08g0529100,536.5142665,2.689917595,0.212189575,12.67695451,7.94E-37,2.77E-34
Os08g0530801,29.0507074,-2.131843108,0.59797346,-3.565113253,0.000363699,0.00211734
Os08g0540400,48.23555239,-2.1588327,0.423312229,-5.09985905,3.40E-07,4.40E-06
Os08g0545300,34.54895639,-2.790107129,0.644234614,-4.330886715,1.49E-05,0.000130249
Os08g0545700,32.40600739,-3.29446407,1.059480878,-3.109507816,0.001873993,0.008447072
Os08g0549200,89.87476721,-2.623487632,0.398292144,-6.586842522,4.49E-11,1.20E-09
Os08g0551300,18.48903786,-2.501234808,0.557845345,-4.483742368,7.33E-06,6.92E-05
Os08g0552300,23.21859003,5.285666633,1.087139748,4.861993723,1.16E-06,1.32E-05
Os08g0552400,22.69933759,2.456348032,0.525454521,4.674711003,2.94E-06,3.05E-05
Os08g0553100,10.75315864,3.349016352,1.01179829,3.309964431,0.000933078,0.004691345
Os08g0557600,4760.649509,2.364255075,0.252941266,9.347051621,9.01E-21,7.90E-19
Os09g0124166,10.7264828,-3.984474017,1.209828834,-3.293419618,0.000989766,0.004932028
Os09g0238700,14.71478487,2.458698297,0.588845361,4.175456684,2.97E-05,0.000240869
Os09g0279500,340.7716987,-2.493479233,0.807766053,-3.086882921,0.002022672,0.008994915
Os09g0279900,19.34996256,-2.563404891,0.776384464,-3.301721004,0.000960936,0.004811009
Os09g0309200,163.2110436,2.756040199,0.348207729,7.914931152,2.47E-15,1.22E-13
Os09g0319701,15.66135948,6.923080081,1.337708971,5.175326048,2.28E-07,3.06E-06
Os09g0322800,28.98219403,-2.276569734,0.499795711,-4.555000541,5.24E-06,5.10E-05
Os09g0323700,75.87346918,4.299716178,0.361764199,11.88541095,1.41E-32,3.48E-30
Os09g0330000,85.55320026,-2.441629594,0.327106229,-7.464332315,8.37E-14,3.37E-12
Os09g0332600,750.5682597,2.073158606,0.196136762,10.56996446,4.11E-26,5.80E-24
Os09g0332700,2317.218392,2.103774361,0.211062631,9.967535942,2.11E-23,2.42E-21
Os09g0345600,11.32231853,4.771907748,1.03614363,4.605450063,4.12E-06,4.10E-05
Os09g0353200,27.32170985,-3.091784171,0.5376698,-5.750340027,8.91E-09,1.58E-07
Os09g0361300,317.0687209,-2.046150345,0.304494354,-6.719830167,1.82E-11,5.21E-10
Os09g0364400,839.1637363,2.693171527,0.207679205,12.9679403,1.86E-38,7.07E-36
Os09g0367700,4124.305664,4.834155384,0.290938686,16.61571874,5.36E-62,6.91E-59
Os09g0379600,291.4673706,-2.354099945,0.24619178,-9.562057447,1.15E-21,1.10E-19
Os09g0385700,469.7274888,2.719956181,0.214621932,12.67324429,8.32E-37,2.77E-34
Os09g0391800,29.40618154,-2.113478471,0.51690805,-4.088693281,4.34E-05,0.000336646
Os09g0394600,1062.607481,-2.65172224,0.198203491,-13.37878677,8.04E-41,4.04E-38
Os09g0398300,27.73218057,-2.373657936,0.629715601,-3.769412625,0.000163632,0.001064219
Os09g0400400,4341.151981,2.308279338,0.156270598,14.77104051,2.25E-49,1.91E-46
Os09g0403300,736.1072551,-2.597467069,0.309488685,-8.392769089,4.75E-17,2.88E-15
Os09g0409100,7884.591751,-4.995173454,0.453435294,-11.01628725,3.19E-28,5.50E-26
Os09g0414600,56.35387912,-2.649742899,0.676510436,-3.916780523,8.97E-05,0.000632636
Os09g0414701,41.01413736,-3.629069626,0.630604616,-5.754904949,8.67E-09,1.54E-07
Os09g0417800,974.6419333,2.450105,0.426797402,5.740674593,9.43E-09,1.67E-07
Os09g0419600,75.49872179,2.684324575,0.355292391,7.555254891,4.18E-14,1.76E-12
Os09g0433800,639.809135,-3.774233783,0.331534657,-11.38413044,5.02E-30,1.01E-27
Os09g0435700,113.0269586,4.367200211,0.603819732,7.232622555,4.74E-13,1.74E-11
Os09g0443400,61.49858178,-2.176411739,0.488463129,-4.45563157,8.36E-06,7.76E-05
Os09g0444900,1163.576592,3.786506592,0.368611607,10.2723477,9.39E-25,1.20E-22
Os09g0452700,118.79364,-4.293413704,1.223614681,-3.508795516,0.000450141,0.002538325
Os09g0452800,16.57131757,-3.30596212,0.88784041,-3.723599514,0.000196402,0.00124618
Os09g0454600,1331.727682,2.66819771,0.34489269,7.736312741,1.02E-14,4.73E-13
Os09g0458300,23.68354189,2.425336424,0.465073786,5.214949747,1.84E-07,2.52E-06
Os09g0465400,392.7934059,2.038608018,0.298489629,6.829744897,8.51E-12,2.56E-10
Os09g0467300,115.9984904,-2.287972255,0.349760982,-6.541530853,6.09E-11,1.57E-09
Os09g0471550,22.57643595,-2.070005378,0.491284455,-4.213455888,2.51E-05,0.000208131
Os09g0491596,29.71300627,2.998018534,0.63797095,4.69930258,2.61E-06,2.75E-05
Os09g0492900,101.8079263,4.198489752,0.554893852,7.566293508,3.84E-14,1.63E-12
Os09g0493000,247.2734135,3.17944905,0.379166743,8.385358446,5.06E-17,3.04E-15
Os09g0501100,103.58525,2.679156482,0.368325077,7.273891045,3.49E-13,1.30E-11
Os09g0511200,66.37077458,-3.064118328,0.425724663,-7.197417941,6.14E-13,2.22E-11
Os09g0511300,165.2516608,-2.38442523,0.393708619,-6.056319609,1.39E-09,2.89E-08
Os09g0515550,104.2473724,2.438254641,0.327114094,7.453835488,9.07E-14,3.63E-12
Os09g0517200,229.7558217,2.39938884,0.251337273,9.54649029,1.34E-21,1.27E-19
Os09g0518200,7099.697301,4.823876978,0.355235648,13.5793719,5.31E-42,2.97E-39
Os09g0518266,218.6982569,3.857514733,0.41238076,9.354254872,8.42E-21,7.41E-19
Os09g0520200,1582.899444,2.005596514,0.171965367,11.66279323,1.97E-31,4.47E-29
Os09g0526500,37.94267139,2.797627616,0.512615049,5.457560449,4.83E-08,7.39E-07
Os09g0527700,29.1634608,2.324160284,0.383744537,6.056529962,1.39E-09,2.88E-08
Os09g0528000,9.446972795,2.739247663,0.759440122,3.606930401,0.000309841,0.001845473
Os09g0528500,30.25709507,-3.465804157,1.085810446,-3.191905336,0.001413376,0.006678057
Os09g0528700,15.57264685,-2.860509942,0.86083339,-3.322954216,0.000890695,0.004511152
Os09g0547500,488.0880929,2.685456562,0.200024417,13.42564375,4.28E-41,2.23E-38
Os09g0549300,1030.123974,2.840288138,0.302007873,9.404682447,5.22E-21,4.69E-19
Os09g0551201,11.31376063,3.891091168,1.199516158,3.243883912,0.001179118,0.005729187
Os09g0552600,27.49787307,2.938358668,0.552821177,5.31520642,1.07E-07,1.53E-06
Os09g0555550,39.84521727,2.019268446,0.444490772,4.542880466,5.55E-06,5.36E-05
Os09g0555850,5.410008339,-5.522051071,1.786358957,-3.091232616,0.001993274,0.008900785
Os09g0561450,15.678838,-2.595744249,0.824299328,-3.149031137,0.001638127,0.00756986
Os09g0562750,7.478978428,5.97807128,1.38386187,4.319846807,1.56E-05,0.000136334
Os09g0564000,1120.101019,-2.281589305,0.42114998,-5.417522054,6.04E-08,9.08E-07
Os09g0564200,4365.6148,-2.163948008,0.441359974,-4.902909492,9.44E-07,1.10E-05
Os09g0564700,72.38592106,-6.810602607,0.983273449,-6.926458368,4.32E-12,1.38E-10
Os10g0100300,191.5617621,-3.968980586,1.244420002,-3.189422044,0.001425576,0.00672712
Os10g0107000,36.88053743,4.599899288,0.621854126,7.397071272,1.39E-13,5.45E-12
Os10g0111400,13.97095744,-3.004155744,0.919687718,-3.266495447,0.001088876,0.005341491
Os10g0111850,5.537515523,-4.402076015,1.27944743,-3.44060718,0.000580411,0.00316281
Os10g0113000,940.7775677,2.905747239,0.424618301,6.843198304,7.74E-12,2.36E-10
Os10g0113100,439.0289342,3.15540091,0.384553826,8.205355646,2.30E-16,1.30E-14
Os10g0124500,12.45429438,-2.333865015,0.596761168,-3.910886196,9.20E-05,0.000646126
Os10g0130800,147.8744466,-2.008548136,0.510307221,-3.935958684,8.29E-05,0.000590921
Os10g0141050,28.79062642,2.125342873,0.533402459,3.98450145,6.76E-05,0.000495571
Os10g0145000,7.015883878,-3.456317539,0.973301625,-3.551126856,0.000383585,0.002221334
Os10g0161550,22.28489419,-2.490076552,0.601528671,-4.139580822,3.48E-05,0.000276628
Os10g0162840,14.42983793,-3.833558705,0.869712503,-4.407845917,1.04E-05,9.50E-05
Os10g0162842,288.5988287,-3.223420335,0.434622419,-7.41659931,1.20E-13,4.74E-12
Os10g0162844,101.1128057,-3.228976273,0.444961408,-7.256755792,3.96E-13,1.46E-11
Os10g0162980,12.82503506,4.797672306,1.184332771,4.050949552,5.10E-05,0.000388163
Os10g0163370,58.98593795,-4.215952008,0.711136054,-5.928474565,3.06E-09,5.95E-08
Os10g0167200,951.591686,2.092052771,0.192465858,10.86973446,1.61E-27,2.62E-25
Os10g0167250,994.6230033,2.348839919,0.197133168,11.91499095,9.89E-33,2.51E-30
Os10g0169900,46.33779815,-2.996644424,0.642482095,-4.664167992,3.10E-06,3.20E-05
Os10g0171500,61.98781022,2.830805304,0.570076175,4.965661479,6.85E-07,8.21E-06
Os10g0175500,22.21109379,3.84517092,0.831043516,4.626918865,3.71E-06,3.74E-05
Os10g0181200,209.6040717,-2.305080661,0.598135092,-3.853779343,0.000116308,0.000792791
Os10g0181333,12.52416195,-4.941517309,1.337635015,-3.694219464,0.000220563,0.001379987
Os10g0181600,45.12273232,-3.715998409,1.16921974,-3.178186512,0.001481994,0.006954528
Os10g0204400,43.37156559,-2.437392143,0.566886872,-4.299609437,1.71E-05,0.000147745
Os10g0326400,21.55382694,-2.355606172,0.539849351,-4.363450963,1.28E-05,0.000113936
Os10g0327000,7.960645609,-4.107760347,1.025966948,-4.003794035,6.23E-05,0.000462078
Os10g0328100,49.03353324,-2.651117047,0.517818121,-5.119784223,3.06E-07,3.99E-06
Os10g0328600,96.89812103,-2.763149162,0.653259949,-4.229785045,2.34E-05,0.000195164
Os10g0329400,61.4156738,2.480826577,0.333355961,7.441974553,9.92E-14,3.95E-12
Os10g0329900,86.29391456,-2.624172061,0.587334821,-4.46793203,7.90E-06,7.39E-05
Os10g0343400,171.2195732,-4.109276399,0.327679316,-12.54054253,4.48E-36,1.37E-33
Os10g0343951,9.049135649,3.499633246,0.985936901,3.549550933,0.000385889,0.002232492
Os10g0344000,357.4297785,3.618503436,0.386457315,9.363268057,7.73E-21,6.82E-19
Os10g0350800,15.18456151,-2.204658569,0.659865884,-3.341070699,0.00083456,0.004277263
Os10g0362700,30.8627833,-4.158282668,0.693663484,-5.994668546,2.04E-09,4.10E-08
Os10g0365200,2956.558342,3.742481571,0.142110401,26.33502923,7.62E-153,1.13E-148
Os10g0378100,102.6435229,-2.757527826,0.76363879,-3.611036871,0.000304975,0.001820151
Os10g0403800,10.21895115,-5.341667425,1.283702826,-4.161140194,3.17E-05,0.000254601
Os10g0411500,45.64138645,-2.14426818,0.642419852,-3.337798752,0.000844449,0.004319385
Os10g0413700,105.5232816,-2.309625798,0.412404732,-5.600386264,2.14E-08,3.54E-07
Os10g0415100,135.341738,-2.329352326,0.269492606,-8.643473981,5.45E-18,3.67E-16
Os10g0439166,23.27720179,3.66010552,0.651360386,5.619171198,1.92E-08,3.21E-07
Os10g0439200,80.76118918,3.496826055,0.371519166,9.41223595,4.86E-21,4.38E-19
Os10g0439800,38.62449547,-2.590679847,0.627416506,-4.129122877,3.64E-05,0.000288032
Os10g0442466,144.0368685,-2.068977424,0.36675152,-5.641360188,1.69E-08,2.84E-07
Os10g0447400,26.14795525,-2.224895617,0.551701301,-4.032790231,5.51E-05,0.000415971
Os10g0452300,304.7725208,3.232884536,0.383026841,8.440360275,3.16E-17,1.97E-15
Os10g0461100,449.1422133,-2.202376003,0.520870413,-4.228260904,2.36E-05,0.000196324
Os10g0465700,1978.20627,-3.021129353,0.461501731,-6.546301231,5.90E-11,1.53E-09
Os10g0472900,12.09614533,-3.708305425,0.78520162,-4.722742963,2.33E-06,2.48E-05
Os10g0475900,71.03921288,-2.330079193,0.360598192,-6.46170515,1.04E-10,2.58E-09
Os10g0481300,129.5397761,4.457029355,0.427030155,10.43727078,1.68E-25,2.24E-23
Os10g0481500,206.4925288,2.773467165,0.349203968,7.942255586,1.99E-15,9.94E-14
Os10g0490800,1788.213753,2.252256054,0.269543852,8.355805683,6.50E-17,3.86E-15
Os10g0490900,1287.289435,2.463119549,0.220370598,11.17716962,5.27E-29,9.71E-27
Os10g0491000,1283.011315,2.829552332,0.317001901,8.925979066,4.42E-19,3.32E-17
Os10g0498100,563.5500752,-2.936622047,0.222632824,-13.19042714,9.96E-40,4.76E-37
Os10g0498300,36.92077282,-2.970476974,0.72167283,-4.116099222,3.85E-05,0.000302916
Os10g0503250,1260.983701,2.258880466,0.302466749,7.468194361,8.13E-14,3.28E-12
Os10g0503300,538.8596482,2.055947331,0.304043219,6.76202331,1.36E-11,3.95E-10
Os10g0504650,14.01460591,5.518914392,1.30527095,4.2281753,2.36E-05,0.000196344
Os10g0505000,23.71299362,-6.616686428,1.545672818,-4.280780738,1.86E-05,0.000159286
Os10g0505500,162.7716624,3.885679913,0.37270391,10.42564837,1.89E-25,2.49E-23
Os10g0506200,49.42297332,-2.968802018,0.577216763,-5.143305267,2.70E-07,3.57E-06
Os10g0509401,1265.86027,2.985994166,0.244356903,12.21980689,2.44E-34,6.69E-32
Os10g0509600,7.424205441,6.630478986,1.384883692,4.787751508,1.69E-06,1.86E-05
Os10g0514901,27.07243408,4.121538186,0.830929109,4.960156217,7.04E-07,8.43E-06
Os10g0515900,46.3318282,-6.317723042,1.486739674,-4.249380812,2.14E-05,0.000180227
Os10g0516900,489.506812,-2.841346012,0.434883833,-6.533574715,6.42E-11,1.66E-09
Os10g0517500,2785.833851,2.933320615,0.258084909,11.36571923,6.20E-30,1.23E-27
Os10g0520100,302.6540803,2.679820261,0.252708506,10.60439282,2.84E-26,4.07E-24
Os10g0525200,5.947212987,5.557194999,1.501440774,3.701241564,0.000214547,0.001346512
Os10g0525500,132.3243013,2.96716812,0.398928029,7.437853199,1.02E-13,4.07E-12
Os10g0525800,2635.219108,3.062939472,0.319948887,9.57321495,1.04E-21,1.00E-19
Os10g0527400,4783.184239,3.518383351,0.599780047,5.866122709,4.46E-09,8.37E-08
Os10g0527601,1016.624158,2.615094495,0.324991382,8.046657968,8.51E-16,4.43E-14
Os10g0527800,4130.452706,2.788090969,0.33750822,8.260809075,1.45E-16,8.36E-15
Os10g0528100,449.0964431,2.363150469,0.189492318,12.47095654,1.08E-35,3.19E-33
Os10g0528300,13288.56824,5.251363015,0.368247271,14.26042614,3.86E-46,2.93E-43
Os10g0528400,7508.393063,3.239032983,0.413096679,7.840859415,4.47E-15,2.15E-13
Os10g0528651,42.35179123,2.490325607,0.749103544,3.324407722,0.000886066,0.004493077
Os10g0529450,22.45484976,2.196110815,0.458982687,4.784735628,1.71E-06,1.88E-05
Os10g0529700,89.1492735,2.440083477,0.326407039,7.475584727,7.69E-14,3.12E-12
Os10g0529800,278.5662315,2.180204726,0.274859499,7.932069789,2.16E-15,1.08E-13
Os10g0530600,246.1201931,3.392373933,0.964031053,3.518946743,0.000433264,0.00246236
Os10g0530750,88.10149613,2.300578218,0.356025274,6.461839615,1.03E-10,2.58E-09
Os10g0530900,9106.200306,4.312967893,0.344640713,12.51438884,6.23E-36,1.88E-33
Os10g0534400,86.02017161,2.021751455,0.271963747,7.433900567,1.05E-13,4.17E-12
Os10g0535900,46.99817252,2.842887853,0.413058978,6.882522848,5.88E-12,1.84E-10
Os10g0536600,27.46423027,3.414111725,0.677911847,5.036217824,4.75E-07,5.92E-06
Os10g0542750,72.3072877,2.661592226,0.467672372,5.691147014,1.26E-08,2.19E-07
Os10g0542900,3468.749312,2.343781609,0.262681378,8.922526699,4.56E-19,3.41E-17
Os10g0543500,392.6610853,-2.160358504,0.300549322,-7.188033187,6.57E-13,2.36E-11
Os10g0547500,11242.22451,-2.108557488,0.273169005,-7.718875301,1.17E-14,5.39E-13
Os10g0550800,169.5182077,2.123756282,0.325635057,6.521890793,6.94E-11,1.78E-09
Os10g0551700,3.331011172,5.446034236,1.761112632,3.0923827,0.001985567,0.008875173
Os10g0566200,22.10645218,-2.737257127,0.667202686,-4.102587092,4.09E-05,0.000319726
Os10g0566400,190.8235312,2.192152011,0.267118381,8.206668517,2.27E-16,1.28E-14
Os10g0568900,1612.237658,3.91410033,0.362426088,10.79972016,3.45E-27,5.41E-25
Os10g0570200,60.84510739,2.257654867,0.492988826,4.579525435,4.66E-06,4.59E-05
Os11g0116400,19.60466897,-2.791383558,0.91192838,-3.060967965,0.002206227,0.009683357
Os11g0116600,23.80998543,-2.315969416,0.649430894,-3.566152205,0.000362261,0.002110626
Os11g0127800,37.61633474,-3.38193096,1.02179237,-3.309802519,0.000933618,0.004692468
Os11g0134600,20.47404546,3.075746704,0.927874976,3.314828811,0.000916993,0.004620658
Os11g0144900,525.252585,2.194903986,0.209757396,10.46401238,1.26E-25,1.73E-23
Os11g0147150,218.1786873,2.761672615,0.239118244,11.54940155,7.43E-31,1.59E-28
Os11g0156000,150.6029572,3.274369307,0.424377455,7.715700425,1.20E-14,5.50E-13
Os11g0156050,7.006375598,6.517692017,1.487215957,4.38247854,1.17E-05,0.000105507
Os11g0160300,29.42456194,-2.508443298,0.508643402,-4.931634398,8.15E-07,9.63E-06
Os11g0167600,13.3776607,3.587477219,0.728243504,4.926205589,8.38E-07,9.87E-06
Os11g0171300,5096.527393,-3.968980405,1.183854824,-3.352590473,0.000800591,0.004131739
Os11g0182200,2957.723787,2.496219251,0.260256928,9.591365245,8.69E-22,8.48E-20
Os11g0186500,26.65114413,-3.46510318,1.091091977,-3.17581217,0.001494177,0.007002905
Os11g0187500,27.77060628,-3.144608941,0.479417371,-6.559230289,5.41E-11,1.42E-09
Os11g0205300,26.78060119,-5.459387911,0.845108006,-6.459988392,1.05E-10,2.60E-09
Os11g0210201,447.3144647,2.04867137,0.27389018,7.479900768,7.44E-14,3.04E-12
Os11g0236932,175.0830874,3.102807081,0.343314566,9.037796199,1.60E-19,1.26E-17
Os11g0242300,14.21838257,2.281491907,0.65916353,3.461192564,0.000537788,0.002964334
Os11g0242400,97.05451877,-2.273325735,0.674321467,-3.371278903,0.000748201,0.003906933
Os11g0245200,1679.259426,-2.358750814,0.2181151,-10.81424812,2.95E-27,4.67E-25
Os11g0255500,8570.711873,3.878023299,0.259099419,14.96731762,1.20E-50,1.08E-47
Os11g0256900,982.6549638,-2.876020509,0.445265752,-6.45911008,1.05E-10,2.61E-09
Os11g0274100,804.5385187,-3.300861244,0.464186555,-7.111066037,1.15E-12,4.00E-11
Os11g0274166,101.3671296,-3.435556543,0.535796735,-6.412052037,1.44E-10,3.49E-09
Os11g0274700,873.143391,-3.439588163,0.321686934,-10.69234649,1.11E-26,1.65E-24
Os11g0294800,187.9457583,-2.300279489,0.655504783,-3.509172701,0.000449503,0.002535941
Os11g0305400,43.69476136,-6.217559087,0.862109628,-7.212028359,5.51E-13,2.00E-11
Os11g0306300,12.30445868,-5.045864466,1.038012793,-4.861081191,1.17E-06,1.33E-05
Os11g0306400,34.17900642,-5.29664894,0.912662903,-5.80351072,6.49E-09,1.18E-07
Os11g0420200,17.18499164,-2.323843821,0.723959424,-3.209908932,0.00132777,0.006340274
Os11g0426400,1457.556681,-2.883204832,0.361614385,-7.973147498,1.55E-15,7.85E-14
Os11g0431400,267.7016493,-2.955056319,0.349395641,-8.457622165,2.73E-17,1.71E-15
Os11g0441550,26.78060119,-5.459387911,0.845108006,-6.459988392,1.05E-10,2.60E-09
Os11g0444700,1190.536355,-2.691137421,0.654879795,-4.109360893,3.97E-05,0.000311149
Os11g0444800,27.57143374,-3.087227943,0.858090622,-3.597787766,0.000320935,0.001904285
Os11g0444900,344.2094926,-2.937942586,0.587555017,-5.000285082,5.72E-07,7.00E-06
Os11g0461000,5.068375279,-5.733671743,1.41629402,-4.048362603,5.16E-05,0.000391839
Os11g0491850,9.908892863,3.634242306,0.91262326,3.982193381,6.83E-05,0.000499545
Os11g0495400,47.36131147,3.059337121,0.905165856,3.37986359,0.000725218,0.003809741
Os11g0529900,96.552874,-3.033730882,0.300489329,-10.09596876,5.76E-24,6.88E-22
Os11g0534300,14.49855355,-2.707135388,0.718382006,-3.768378611,0.000164311,0.001068168
Os11g0539700,52.65818793,-3.040609641,0.490961088,-6.193178474,5.90E-10,1.30E-08
Os11g0546600,153.3420299,2.948998112,0.420091915,7.019887809,2.22E-12,7.40E-11
Os11g0552000,794.913766,2.290924451,0.23997534,9.546499449,1.34E-21,1.27E-19
Os11g0555600,87.1466161,-2.291844357,0.33027547,-6.939190366,3.94E-12,1.27E-10
Os11g0555866,26.17063809,-2.109813485,0.540264405,-3.905149897,9.42E-05,0.000659926
Os11g0561100,43.11321488,-2.264012558,0.447243483,-5.06214768,4.15E-07,5.25E-06
Os11g0590700,499.9570201,2.650821094,0.247954206,10.69076883,1.12E-26,1.67E-24
Os11g0592000,3667.592531,3.254813498,0.264404269,12.30998845,8.00E-35,2.26E-32
Os11g0592100,5308.887095,2.646527912,0.32264458,8.202610792,2.35E-16,1.32E-14
Os11g0600500,33.28283271,2.952958934,0.496996984,5.941603322,2.82E-09,5.53E-08
Os11g0616100,79.31104479,-3.433744569,0.492858314,-6.967001417,3.24E-12,1.05E-10
Os11g0622700,100.5873433,-4.16824118,0.54297218,-7.676712241,1.63E-14,7.32E-13
Os11g0622800,341.5063238,-4.014386583,0.443460358,-9.052413626,1.40E-19,1.11E-17
Os11g0640000,18.31130774,-2.252462053,0.483196303,-4.661587924,3.14E-06,3.23E-05
Os11g0645400,373.1096828,3.206474845,0.477271746,6.718342061,1.84E-11,5.25E-10
Os11g0649801,160.211116,2.763797465,0.654800138,4.220826026,2.43E-05,0.000202288
Os11g0649900,707.9888449,2.997866027,0.324758913,9.231050821,2.68E-20,2.28E-18
Os11g0650700,707.9888449,2.997866027,0.324758913,9.231050821,2.68E-20,2.28E-18
Os11g0664000,24.97261385,-2.516701583,0.626004255,-4.020262745,5.81E-05,0.000435617
Os11g0666100,5.875485878,-4.917058383,1.386619946,-3.546075041,0.000391015,0.002257741
Os11g0676100,56.46848455,-2.013450779,0.57851417,-3.480382821,0.000500698,0.002789454
Os11g0696400,4.078044173,5.476606206,1.533983446,3.570185989,0.000356728,0.002082892
Os11g0700900,135.1622428,2.166108409,0.329455942,6.574804496,4.87E-11,1.29E-09
Os11g0701200,68.90639623,2.501900265,0.415537838,6.02087232,1.73E-09,3.53E-08
Os11g0702250,22.30653959,3.340865854,0.948997974,3.520414106,0.000430874,0.002451596
Os11g0702400,429.8253377,3.631206578,0.394179332,9.212067403,3.20E-20,2.67E-18
Os12g0114000,187.4954795,2.767697698,0.235511495,11.75185821,6.91E-32,1.64E-29
Os12g0123500,38.24612774,-2.28176725,0.62023111,-3.678898417,0.000234244,0.001454528
Os12g0130200,14.69743775,-2.902713194,0.938589247,-3.092634189,0.001983885,0.008873066
Os12g0131200,57.85469465,2.056141629,0.325341636,6.319946184,2.62E-10,6.07E-09
Os12g0132400,237.785086,2.016630036,0.39702498,5.079353032,3.79E-07,4.83E-06
Os12g0133100,240.3727584,2.354608725,0.25540007,9.219295542,2.99E-20,2.51E-18
Os12g0137700,203.281228,-2.15622034,0.334604693,-6.444082784,1.16E-10,2.87E-09
Os12g0140050,13.0639778,2.128432166,0.686901054,3.098600815,0.001944368,0.008717309
Os12g0141000,107.1143369,3.229583843,0.354874225,9.100643594,8.98E-20,7.19E-18
Os12g0145100,1473.449431,2.096480383,0.214770199,9.761505036,1.65E-22,1.76E-20
Os12g0154700,559.3386183,3.253950192,0.17366773,18.73664263,2.49E-78,8.20E-75
Os12g0154800,187.4764044,3.554111464,0.343311584,10.35243676,4.08E-25,5.30E-23
Os12g0154900,282.5710575,2.658032914,0.254201608,10.45639694,1.37E-25,1.87E-23
Os12g0155000,163.4427865,2.543885615,0.28409134,8.954463773,3.41E-19,2.59E-17
Os12g0156100,35.92629086,2.561097679,0.497753247,5.145315869,2.67E-07,3.54E-06
Os12g0157000,127.4918728,2.693092271,0.40104459,6.715194121,1.88E-11,5.36E-10
Os12g0157066,114.19401,2.666058921,0.388180828,6.868085004,6.51E-12,2.02E-10
Os12g0158600,846.3598169,2.021979204,0.210676676,9.59754656,8.19E-22,8.01E-20
Os12g0161100,176.6722553,2.078521701,0.370302914,5.613030902,1.99E-08,3.32E-07
Os12g0168150,8.094876396,4.048394331,1.246953866,3.246627193,0.001167813,0.005680774
Os12g0177200,50.81468172,-4.658636038,0.873220188,-5.335007258,9.55E-08,1.38E-06
Os12g0181701,24.7486327,-21.39413286,3.909772213,-5.471964015,4.45E-08,6.85E-07
Os12g0204100,50.59802439,-2.99362179,0.468376261,-6.391489147,1.64E-10,3.95E-09
Os12g0221501,62.72671205,2.193973664,0.33700681,6.510176053,7.51E-11,1.92E-09
Os12g0228650,49.32828122,-2.271936024,0.590140396,-3.849822924,0.000118203,0.000803121
Os12g0228700,176.6300273,-2.573401888,0.550752324,-4.67252116,2.98E-06,3.08E-05
Os12g0239300,20.52299833,5.762905331,0.927995204,6.210059387,5.30E-10,1.18E-08
Os12g0245700,26.76470255,2.256179176,0.495434606,4.553939403,5.27E-06,5.13E-05
Os12g0258700,3512.385576,4.292449633,0.124613878,34.4459999,5.17E-260,1.53E-255
Os12g0263200,60.85098257,-2.325307671,0.520851353,-4.464436271,8.03E-06,7.48E-05
Os12g0267800,384.627238,-2.266956518,0.326033882,-6.953131698,3.57E-12,1.15E-10
Os12g0434400,238.0126803,2.452381497,0.313660723,7.818580142,5.34E-15,2.54E-13
Os12g0437800,4970.868372,2.607895166,0.434151322,6.006880628,1.89E-09,3.83E-08
Os12g0455000,1526.566061,2.184625085,0.399222762,5.472195712,4.44E-08,6.84E-07
Os12g0456700,23.77448016,-3.945557029,0.70298502,-5.612576255,1.99E-08,3.32E-07
Os12g0456783,12.96215446,-3.466270892,0.709307997,-4.886834646,1.02E-06,1.18E-05
Os12g0470000,13.00257159,-3.957307945,1.043134721,-3.793669087,0.000148437,0.000980018
Os12g0470700,212.846226,2.63039872,0.193361395,13.60353608,3.82E-42,2.18E-39
Os12g0491800,97.08355867,-2.338971074,0.531462972,-4.401004769,1.08E-05,9.78E-05
Os12g0499700,96.65704441,-2.391487261,0.449586795,-5.319300493,1.04E-07,1.50E-06
Os12g0527301,98.9982956,-2.635926173,0.533785549,-4.938174475,7.89E-07,9.35E-06
Os12g0527500,25.71040156,-3.158233952,0.554604379,-5.694570893,1.24E-08,2.15E-07
Os12g0555400,63.49514928,-2.622782215,0.604928364,-4.335690593,1.45E-05,0.000127777
Os12g0559200,71.47346317,-3.458685008,0.987128108,-3.503785355,0.000458695,0.002582141
Os12g0561750,3.151964892,-5.399733832,1.646819361,-3.278886536,0.001042175,0.005158498
Os12g0567300,1083.761259,-2.273456,0.231922011,-9.802674557,1.10E-22,1.20E-20
Os12g0568100,75.74410024,-2.056988247,0.34402354,-5.979207842,2.24E-09,4.46E-08
Os12g0589000,16.62964636,2.350267411,0.607251027,3.87033913,0.000108684,0.000745794
Os12g0604000,33.27858337,-2.058719183,0.517363172,-3.979253445,6.91E-05,0.000504393
Os12g0614500,215.5584293,2.66472333,0.397165373,6.709354614,1.95E-11,5.55E-10
Os12g0616800,61.04942955,-4.519924723,0.669621148,-6.749973085,1.48E-11,4.27E-10
Os12g0617250,190.0615862,2.48352015,0.412089179,6.026657028,1.67E-09,3.41E-08
Os12g0622850,45.14172278,-4.192795095,0.78365746,-5.350290543,8.78E-08,1.28E-06
Os12g0624300,47.48289077,2.261679008,0.411224901,5.499859083,3.80E-08,5.94E-07
Os12g0626500,4.989418533,3.643523462,1.148924696,3.171246535,0.001517863,0.007094847
Os12g0639400,27.18035073,2.126996781,0.57879874,3.674846947,0.000237992,0.001473307
Os12g0639500,453.8363729,2.022051295,0.205705985,9.829812663,8.38E-23,9.37E-21
